model,scheme,split,n_conditions,mse_all,rmse_all,pearson_all,spearman_all,pearson_delta,spearman_delta,cosine_delta,mse_de,pearson_de,spearman_de,top_20_recovery,top_50_recovery,top_100_recovery,best_epoch,best_validation_response_mse,test_sample_mse,training_seconds,device,seed,checkpoint_sha256,n_oov_perturbation_genes
scgpt_frozen,unseen_combo_fold0,test,27,0.0021901458838126725,0.04465030864984901,0.9831119069346675,0.9462561839845258,0.8592926705325091,0.6408929881051215,0.8602043820752038,0.019042618322634586,0.9304376663985076,0.8852983076085387,0.6685185185185185,0.6725925925925925,0.6814814814814816,136,0.0058762646513059735,0.005701861693523824,11.627230000000054,cuda,42,6cb5d451ab5c4b33eb673adbe4fddc61d2389df1b89b7651a9fe2e557572b922,3
scgpt_finetuned,unseen_combo_fold0,test,27,0.002100704990206631,0.04369716118607256,0.983817027674781,0.9480196541281987,0.8635389771726396,0.6482368932518048,0.8644205662939284,0.018305269069969654,0.9324103969114798,0.8886426420419818,0.6870370370370371,0.6807407407407408,0.6940740740740741,136,0.005821007594931871,0.005612179287709296,138.50831040000048,cuda,42,6cb5d451ab5c4b33eb673adbe4fddc61d2389df1b89b7651a9fe2e557572b922,3
scgpt_frozen,unseen_combo_fold1,test,26,0.002186688878842128,0.04286750742735771,0.9833574340893672,0.9440914258594069,0.8990644812583923,0.6789005708306457,0.899864517725431,0.02083684838950061,0.9502899898932531,0.9118059498257518,0.7288461538461538,0.7138461538461538,0.7480769230769231,141,0.009700845228508115,0.006862332462333143,10.448635400000057,cuda,43,6cb5d451ab5c4b33eb673adbe4fddc61d2389df1b89b7651a9fe2e557572b922,3
scgpt_finetuned,unseen_combo_fold1,test,26,0.0022212278003840204,0.04341535212901922,0.9831470503256872,0.9413421973147086,0.8935704414661114,0.6735005415531856,0.8942715525627136,0.021619632893886704,0.946136128443938,0.9109113988321907,0.7173076923076922,0.7138461538461539,0.7446153846153846,115,0.009721536538563669,0.006899420579429716,108.6531629000001,cuda,43,6cb5d451ab5c4b33eb673adbe4fddc61d2389df1b89b7651a9fe2e557572b922,3
scgpt_frozen,unseen_combo_fold2,test,26,0.0016856096470012115,0.039289894012304455,0.9862479567527771,0.9469169164536961,0.8848092074577625,0.6455876540008043,0.8866006296414596,0.014117790359215667,0.9378805206372187,0.904894181725865,0.7211538461538461,0.7184615384615385,0.7061538461538461,172,0.005322046461515129,0.004504657466895878,18.913917500000025,cuda,44,6cb5d451ab5c4b33eb673adbe4fddc61d2389df1b89b7651a9fe2e557572b922,3
scgpt_finetuned,unseen_combo_fold2,test,26,0.0016462754574604332,0.03902895068033384,0.9865787350214444,0.948319763425898,0.8880074551472297,0.6519055559846275,0.8896924050954672,0.013367535806117723,0.9405343670111436,0.905042350388885,0.7211538461538463,0.7238461538461538,0.7073076923076922,172,0.005270945432130247,0.004463781951926649,150.8336670000008,cuda,44,6cb5d451ab5c4b33eb673adbe4fddc61d2389df1b89b7651a9fe2e557572b922,3
scgpt_frozen,unseen_combo_fold3,test,26,0.00247477944000051,0.046895730237548165,0.980858007302651,0.9490372989166744,0.8848724686182462,0.6778788187424707,0.8867863485446343,0.020464724834220342,0.9406084647545447,0.9049855754806249,0.7038461538461539,0.7215384615384616,0.723076923076923,265,0.004529744328465313,0.007205333444289863,21.929887099999178,cuda,45,6cb5d451ab5c4b33eb673adbe4fddc61d2389df1b89b7651a9fe2e557572b922,3
scgpt_finetuned,unseen_combo_fold3,test,26,0.002330191019259823,0.045682508999911636,0.9820713423765622,0.9500098714821564,0.8934545196019686,0.6901400859645302,0.8951412393496587,0.019181465031579137,0.9450432979143583,0.9097075861432298,0.7019230769230768,0.7346153846153844,0.7323076923076923,201,0.0045232122065499425,0.007064454548526555,173.06379529999867,cuda,45,6cb5d451ab5c4b33eb673adbe4fddc61d2389df1b89b7651a9fe2e557572b922,3
scgpt_frozen,unseen_combo_fold4,test,26,0.002015464641422463,0.04296630506332104,0.9832364504153912,0.9435575077202116,0.8808712432017693,0.6472136661938154,0.8814250414188092,0.015664883280316226,0.9442304372787476,0.9028262826282629,0.6826923076923077,0.6784615384615384,0.6934615384615384,133,0.007725511444732547,0.005745190312154591,14.920207700000901,cuda,46,6cb5d451ab5c4b33eb673adbe4fddc61d2389df1b89b7651a9fe2e557572b922,3
scgpt_finetuned,unseen_combo_fold4,test,26,0.0020385252987930123,0.04376447494499958,0.9829212450064145,0.9409595084538279,0.8707592418560615,0.6375392148006747,0.8713596761226654,0.017359241323832136,0.9344600118123568,0.8890914340554127,0.6596153846153847,0.6646153846153845,0.6869230769230769,108,0.0077686874428763986,0.005767289374489337,102.51610419999997,cuda,46,6cb5d451ab5c4b33eb673adbe4fddc61d2389df1b89b7651a9fe2e557572b922,3
