perturbation,n_pseudobulk_replicates,mse_all,rmse_all,pearson_all,spearman_all,pearson_delta,spearman_delta,cosine_delta,mse_de,pearson_de,spearman_de,top_20_recovery,top_50_recovery,top_100_recovery
BPGM_ZBTB1,8,0.0013296138495206833,0.03646387159824371,0.990376353263855,0.9625133482210958,0.9520936608314514,0.7171418862934591,0.9522972702980042,0.01905340701341629,0.9777169823646545,0.9455745574557456,0.85,0.76,0.78
CBL_CNN1,8,0.002042013220489025,0.04518863931298256,0.9862868189811707,0.9592530942315822,0.9716048836708069,0.7750628359473875,0.9714950919151306,0.028066780418157578,0.9885292649269104,0.96004800480048,0.85,0.86,0.79
CBL_PTPN12,8,0.0006643729284405708,0.025775432586669922,0.9953030347824097,0.9622542798214636,0.9721118211746216,0.7401178838474474,0.9719772934913635,0.00520959310233593,0.9911835193634033,0.9316051605160516,0.85,0.76,0.82
CEBPB_OSR2,8,0.0019799459259957075,0.04449658468365669,0.9839704632759094,0.9613690998270251,0.9407840371131897,0.8360127399507145,0.9431767463684082,0.017431514337658882,0.9609909653663635,0.9276567656765676,0.8,0.8,0.78
CEBPE_CEBPB,8,0.0031626997515559196,0.05623788386583328,0.9752594828605652,0.9453285405324869,0.9302446842193604,0.7913279519253109,0.9315950870513916,0.021718794479966164,0.9629825949668884,0.9241164116411641,0.85,0.74,0.79
CEBPE_SPI1,8,0.008276145905256271,0.09097332507371902,0.940353274345398,0.9428122557728348,0.9274143576622009,0.8039741768686571,0.9287310838699341,0.11162763833999634,0.9482689499855042,0.9037503750375038,0.75,0.66,0.77
CNN1_MAPK1,8,0.0009133130079135299,0.03022106923162937,0.992294430732727,0.9650865246882334,0.9044186472892761,0.6610744595568199,0.9031764268875122,0.008916271850466728,0.9402520060539246,0.8965856585658566,0.75,0.72,0.82
CNN1_UBASH3A,8,0.002566596260294318,0.050661586225032806,0.9803354740142822,0.9468280245740313,0.937669575214386,0.6904158693143879,0.9375185370445251,0.030561577528715134,0.9627402424812317,0.8973897389738974,0.75,0.7,0.75
ETS2_IKZF3,8,0.0007500374340452254,0.02738681063055992,0.9955142140388489,0.961660650638093,0.9793873429298401,0.8430518828075333,0.9794132709503174,0.004568433854728937,0.9938246607780457,0.9612841284128413,0.9,0.86,0.81
FOSB_CEBPB,8,0.003677161643281579,0.060639604926109314,0.9709346890449524,0.9489835211964835,0.9164013862609863,0.7683856185699596,0.9185635447502136,0.033653490245342255,0.9488131403923035,0.9072307230723072,0.75,0.72,0.78
FOSB_CEBPE,8,0.002803399693220854,0.052947141230106354,0.9790560603141785,0.9595398326921336,0.9385471940040588,0.8102203399537181,0.9401206374168396,0.02323061414062977,0.9686914682388306,0.9347854785478548,0.8,0.8,0.8
FOSB_UBASH3B,8,0.000605988665483892,0.02461683750152588,0.9945482015609741,0.9674435002480697,0.841518223285675,0.568078946973436,0.8429651856422424,0.0037067627999931574,0.9320481419563293,0.894005400540054,0.6,0.62,0.76
FOXF1_HOXB9,8,0.0010417175944894552,0.03227565065026283,0.9906147122383118,0.9648911668660389,0.9296756386756897,0.7798120685738168,0.9314885139465332,0.005236947908997536,0.9739413857460022,0.9266726672667267,0.65,0.72,0.8
JUN_CEBPA,8,0.007925620302557945,0.08902595192193985,0.9554519653320312,0.9341825985723178,0.9441244006156921,0.7635623405876216,0.9461163282394409,0.08470984548330307,0.9709052443504333,0.9201560156015601,0.8,0.8,0.83
KLF1_COL2A1,8,0.005949092097580433,0.07713035494089127,0.9547020792961121,0.9528475324913418,0.6225125789642334,0.5726786985107672,0.6258588433265686,0.07351179420948029,0.6713728308677673,0.8204980498049805,0.6,0.54,0.53
KLF1_FOXA1,8,0.0032525048591196537,0.05703073740005493,0.9766008853912354,0.9597854084530567,0.7046353816986084,0.5218456994627704,0.7101910710334778,0.04421359673142433,0.7920758724212646,0.6948454845484549,0.35,0.5,0.56
KLF1_TGFBR2,8,0.0007315122056752443,0.027046483010053635,0.9946684241294861,0.9570468127292616,0.9442983269691467,0.5473552663254634,0.9444882869720459,0.00499580055475235,0.9773576259613037,0.9415301530153015,0.8,0.84,0.71
MAP2K3_ELMSAN1,8,0.0010017809690907598,0.03165092319250107,0.9924830198287964,0.9532254882585299,0.8719033598899841,0.621671787046547,0.8714152574539185,0.010832672007381916,0.9342907667160034,0.8986138613861386,0.5,0.66,0.75
MAP2K3_MAP2K6,8,0.00035606641904450953,0.01886972226202488,0.9970377087593079,0.9663184773250485,0.8504127264022827,0.5516079143848569,0.8501046299934387,0.0033611590042710304,0.9242091774940491,0.8849204920492049,0.65,0.7,0.76
MAP2K3_SLC38A2,8,0.0005364868557080626,0.02316218614578247,0.9955382347106934,0.9573238582783345,0.8218564391136169,0.49864639939077504,0.8217865824699402,0.004672430921345949,0.9256176948547363,0.9056225622562256,0.65,0.66,0.74
MAPK1_PRTG,8,0.0021482924930751324,0.046349674463272095,0.9822490215301514,0.9573582803232676,0.7511972784996033,0.5578631520130097,0.7535961866378784,0.019856607541441917,0.8281342387199402,0.8238223822382238,0.45,0.56,0.53
PLK4_STIL,8,0.0034043106716126204,0.058346472680568695,0.9688634872436523,0.9427231924307553,0.7339310646057129,0.5190105018729672,0.7317742705345154,0.039329614490270615,0.905508816242218,0.8584578457845785,0.5,0.48,0.5
PTPN12_PTPN9,8,0.0005616313428618014,0.02369876205921173,0.9953365325927734,0.9649909178446344,0.9721678495407104,0.7545049512926726,0.9721731543540955,0.004700919147580862,0.9930357336997986,0.9375337533753375,0.85,0.8,0.83
UBASH3B_PTPN12,8,0.000828168704174459,0.028777919709682465,0.993739664554596,0.958514858394269,0.9726434350013733,0.7402625942040996,0.972454845905304,0.008468660525977612,0.9933948516845703,0.9544554455445544,0.85,0.82,0.87
UBASH3B_UBASH3A,8,0.001246509957127273,0.035305947065353394,0.9888231754302979,0.9599215992075892,0.9106379151344299,0.657572690340266,0.9106090664863586,0.012032700702548027,0.9541166424751282,0.911959195919592,0.7,0.72,0.69
ZC3HAV1_CEBPA,8,0.005842336919158697,0.07643517851829529,0.9587717056274414,0.9491390838394773,0.9268421530723572,0.7421413843792026,0.929505467414856,0.0760543942451477,0.9580538868904114,0.9284488448844884,0.8,0.76,0.82
