model_a,model_b,metric,mean_a_minus_b,ci_low,ci_high,n_conditions
scgpt_frozen,mlp,pearson_delta,-0.009666679242185058,-0.015166925724226106,-0.0048269257120048745,131
scgpt_frozen,mlp,mse_all,0.0001288990993123809,-1.18557931384328e-05,0.00027127547925186597,131
scgpt_frozen,mlp,mse_de,-0.0006635325964369617,-0.002583829870044066,0.001330312569439052,131
scgpt_frozen,mlp,top_20_recovery,-0.010305343511450375,-0.024045801526717554,0.0034351145038167973,131
scgpt_frozen,mlp,top_100_recovery,-0.01221374045801527,-0.019849236641221384,-0.00488358778625957,131
scgpt_finetuned,scgpt_frozen,pearson_delta,0.00011588530686065144,-0.0031074712920279948,0.003351008897746787,131
scgpt_finetuned,scgpt_frozen,mse_all,-4.350612933555496e-05,-0.00010142799215577375,1.2364369156797716e-05,131
scgpt_finetuned,scgpt_frozen,mse_de,-6.392440324975961e-05,-0.0007447254436111879,0.0006257231835140826,131
scgpt_finetuned,scgpt_frozen,top_20_recovery,-0.003435114503816798,-0.011068702290076343,0.004580152671755716,131
scgpt_finetuned,scgpt_frozen,top_100_recovery,0.0026717557251908384,-0.0018320610687022935,0.007251908396946561,131
scgpt_finetuned,mlp,pearson_delta,-0.009550793935324405,-0.016493375440135263,-0.0039594353155325505,131
scgpt_finetuned,mlp,mse_all,8.539296997682594e-05,-5.4536162425042045e-05,0.00022767373826798647,131
scgpt_finetuned,mlp,mse_de,-0.0007274569996867213,-0.002712573168820602,0.0013435446289332459,131
scgpt_finetuned,mlp,top_20_recovery,-0.013740458015267175,-0.02786259541984733,-1.2500602758187098e-18,131
scgpt_finetuned,mlp,top_100_recovery,-0.009541984732824433,-0.016870229007633592,-0.0024427480916030557,131
scgpt_finetuned,ridge,pearson_delta,-0.014617847804804802,-0.023543848233823564,-0.007066331280551805,131
scgpt_finetuned,ridge,mse_all,5.218322688308472e-05,-7.135025566605338e-05,0.0001753026616387656,131
scgpt_finetuned,ridge,mse_de,-0.00037355735926455127,-0.0022605024498553194,0.0014851855330048358,131
scgpt_finetuned,ridge,top_20_recovery,-0.021374045801526718,-0.03740458015267176,-0.005725190839694662,131
scgpt_finetuned,ridge,top_100_recovery,-0.007480916030534353,-0.015801526717557253,0.0005343511450381706,131
scgpt_finetuned,mini_vc,pearson_delta,-0.0019925982897518123,-0.009017083856440665,0.005582720928519753,131
scgpt_finetuned,mini_vc,mse_all,0.0001323027847306321,-3.424883349789095e-05,0.00029781107960280805,131
scgpt_finetuned,mini_vc,mse_de,-0.0009209622437034865,-0.003276929087165512,0.001394385061109481,131
scgpt_finetuned,mini_vc,top_20_recovery,0.0019083969465648885,-0.012213740458015265,0.01679389312977099,131
scgpt_finetuned,mini_vc,top_100_recovery,-0.0033587786259542027,-0.012290076335877864,0.0051908396946564826,131
