perturbation,n_annotated_genes,coverage,shared_pathway
AHR_FEV,1,one,False
AHR_KLF1,1,one,False
BCL2L11_BAK1,2,both,True
BCL2L11_TGFBR2,2,both,True
BPGM_SAMD1,1,one,False
BPGM_ZBTB1,1,one,False
C3orf72_FOXL2,1,one,False
CBL_CNN1,1,one,False
CBL_PTPN12,2,both,True
CBL_PTPN9,2,both,True
CBL_TGFBR2,2,both,True
CBL_UBASH3A,1,one,False
CBL_UBASH3B,1,one,False
CDKN1B_CDKN1A,2,both,True
CDKN1C_CDKN1A,2,both,True
CDKN1C_CDKN1B,2,both,True
CEBPB_CEBPA,2,both,True
CEBPB_MAPK1,2,both,True
CEBPB_OSR2,1,one,False
CEBPB_PTPN12,2,both,True
CEBPE_CEBPA,2,both,True
CEBPE_CEBPB,2,both,True
CEBPE_CNN1,1,one,False
CEBPE_KLF1,1,one,False
CEBPE_PTPN12,2,both,False
CEBPE_RUNX1T1,1,one,False
CEBPE_SPI1,2,both,True
CNN1_MAPK1,1,one,False
CNN1_UBASH3A,0,none,False
DUSP9_ETS2,2,both,False
DUSP9_IGDCC3,1,one,False
DUSP9_KLF1,1,one,False
DUSP9_MAPK1,2,both,True
DUSP9_PRTG,1,one,False
DUSP9_SNAI1,2,both,True
ETS2_CEBPE,2,both,False
ETS2_CNN1,1,one,False
ETS2_IGDCC3,1,one,False
ETS2_IKZF3,2,both,False
ETS2_MAP7D1,1,one,False
ETS2_MAPK1,2,both,True
ETS2_PRTG,1,one,False
FEV_CBFA2T3,0,none,False
FEV_ISL2,0,none,False
FEV_MAP7D1,0,none,False
FOSB_CEBPB,2,both,False
FOSB_CEBPE,2,both,False
FOSB_IKZF3,2,both,False
FOSB_OSR2,1,one,False
FOSB_PTPN12,2,both,True
FOSB_UBASH3B,1,one,False
FOXA1_FOXF1,2,both,True
FOXA1_FOXL2,2,both,True
FOXA1_HOXB9,1,one,False
FOXA3_FOXA1,2,both,True
FOXA3_FOXF1,2,both,True
FOXA3_FOXL2,2,both,True
FOXA3_HOXB9,1,one,False
FOXF1_FOXL2,2,both,True
FOXF1_HOXB9,1,one,False
FOXL2_HOXB9,1,one,False
FOXL2_MEIS1,2,both,True
IGDCC3_MAPK1,1,one,False
IGDCC3_PRTG,0,none,False
IGDCC3_ZBTB25,0,none,False
IRF1_SET,2,both,False
JUN_CEBPA,2,both,True
JUN_CEBPB,2,both,True
KIF18B_KIF2C,2,both,True
KLF1_BAK1,1,one,False
KLF1_CEBPA,1,one,False
KLF1_CLDN6,1,one,False
KLF1_COL2A1,1,one,False
KLF1_FOXA1,1,one,False
KLF1_MAP2K6,1,one,False
KLF1_TGFBR2,1,one,False
LHX1_ELMSAN1,1,one,False
LYL1_CEBPB,2,both,False
LYL1_IER5L,1,one,False
MAP2K3_ELMSAN1,1,one,False
MAP2K3_IKZF3,2,both,False
MAP2K3_MAP2K6,2,both,True
MAP2K3_SLC38A2,2,both,False
MAP2K6_ELMSAN1,1,one,False
MAP2K6_IKZF3,2,both,False
MAP2K6_SPI1,2,both,True
MAPK1_IKZF3,2,both,False
MAPK1_PRTG,1,one,False
MAPK1_TGFBR2,2,both,True
PLK4_STIL,1,one,False
POU3F2_CBFA2T3,1,one,False
POU3F2_FOXL2,2,both,True
PRDM1_CBFA2T3,1,one,False
PTPN12_OSR2,1,one,False
PTPN12_PTPN9,2,both,True
PTPN12_SNAI1,2,both,True
PTPN12_UBASH3A,1,one,False
PTPN12_ZBTB25,1,one,False
RHOXF2_SET,1,one,False
RHOXF2_ZBTB25,0,none,False
SAMD1_PTPN12,1,one,False
SAMD1_TGFBR2,1,one,False
SAMD1_UBASH3B,0,none,False
SAMD1_ZBTB1,0,none,False
SET_CEBPE,2,both,False
SET_KLF1,1,one,False
SGK1_S1PR2,2,both,True
SGK1_TBX2,2,both,False
SGK1_TBX3,2,both,False
SNAI1_DLX2,1,one,False
SNAI1_UBASH3B,1,one,False
TBX3_TBX2,2,both,True
TGFBR2_C19orf26,1,one,False
TGFBR2_ETS2,2,both,False
TGFBR2_IGDCC3,1,one,False
TGFBR2_PRTG,1,one,False
TMSB4X_BAK1,2,both,False
UBASH3B_CNN1,0,none,False
UBASH3B_OSR2,0,none,False
UBASH3B_PTPN12,1,one,False
UBASH3B_PTPN9,1,one,False
UBASH3B_UBASH3A,0,none,False
UBASH3B_ZBTB25,0,none,False
ZBTB10_DLX2,0,none,False
ZBTB10_ELMSAN1,0,none,False
ZBTB10_PTPN12,1,one,False
ZBTB10_SNAI1,1,one,False
ZC3HAV1_CEBPA,2,both,False
ZC3HAV1_CEBPE,2,both,False
ZC3HAV1_HOXC13,1,one,False
ZNF318_FOXL2,1,one,False
