model,group,n_conditions,mean_pearson_change,fraction_improved
ridge,none,15,-0.006676665941874164,0.6666666666666666
ridge,one,60,-0.003514931599299113,0.38333333333333336
ridge,both,56,-0.0363689921796322,0.3392857142857143
ridge,shared,36,-0.05951756156153151,0.16666666666666666
ridge,both_no_shared,20,0.005298432707786571,0.65
mlp,none,15,0.008552320798238111,0.6666666666666666
mlp,one,60,-0.014790139595667533,0.38333333333333336
mlp,both,56,-0.050263290858960565,0.25
mlp,shared,36,-0.06832613697689441,0.19444444444444445
mlp,both_no_shared,20,-0.01775016784667966,0.35
