model,n_conditions,pearson_delta,mse_all,top_20_recovery,top_100_recovery
ridge,131,0.8963440729461554,0.002015456038070366,0.7187022900763359,0.720381679389313
mlp,131,0.891277019076675,0.0019822462949766256,0.7110687022900763,0.722442748091603
ridge_reactome,131,0.8784226267847396,0.0022755353576023305,0.700381679389313,0.7085496183206106
mlp_reactome,131,0.8639955850929477,0.0024037901438747323,0.6812977099236641,0.6998473282442749
ridge_shuffle_1001,131,0.8853667651423971,0.00229383214822972,0.7015267175572519,0.7044274809160306
mlp_shuffle_1001,131,0.8750916011915862,0.0025078804245065277,0.6980916030534351,0.7090076335877862
ridge_shuffle_1002,131,0.8885346475903314,0.002179136960980439,0.7064885496183205,0.7104580152671756
mlp_shuffle_1002,131,0.8748598717551195,0.0023006259629019007,0.6866412213740459,0.7031297709923663
ridge_shuffle_1003,131,0.88420439016728,0.0021963553744872508,0.7038167938931297,0.7106106870229008
mlp_shuffle_1003,131,0.8791382583498045,0.0022819393349078703,0.7038167938931297,0.71
ridge_shuffle_mean,131,0.8860352676333362,0.00222310816123247,0.7039440203562342,0.708498727735369
mlp_shuffle_mean,131,0.8763632437655033,0.0023634819074387662,0.6961832061068702,0.7073791348600508
