epoch,train_loss,validation_loss,learning_rate
1,0.07094695492822507,0.030622020363807678,0.001
2,0.020021290820905098,0.02074149064719677,0.001
3,0.013557038213206729,0.018607797101140022,0.001
4,0.011529722747388225,0.017605187371373177,0.001
5,0.010502488948026587,0.016924604773521423,0.001
6,0.00978596825247186,0.016047293320298195,0.001
7,0.009125726704064965,0.01520856749266386,0.001
8,0.008504925777918192,0.014263144694268703,0.001
9,0.007997357305422954,0.013657326810061932,0.001
10,0.00755551870827218,0.01300855167210102,0.001
11,0.007173930105710696,0.01253483910113573,0.001
12,0.0068587256916964115,0.01231907494366169,0.001
13,0.0065314633403030144,0.012002251110970974,0.001
14,0.006269394119889452,0.011679107323288918,0.001
15,0.006049856229160492,0.01145547442138195,0.001
16,0.005860025431904091,0.011393659748136997,0.001
17,0.005664805212734163,0.011365886777639389,0.001
18,0.005524520050772102,0.011165250092744827,0.001
19,0.0053366935897032316,0.0110624385997653,0.001
20,0.005205074263746061,0.010988264344632626,0.001
21,0.005105970349389738,0.011043653823435307,0.001
22,0.004958688475305054,0.010870016179978848,0.001
23,0.0048287537736052336,0.010814186185598373,0.001
24,0.00474502440059775,0.010806010104715824,0.001
25,0.004656108422441229,0.01078327652066946,0.001
26,0.004547363660076094,0.010608762502670288,0.001
27,0.004465816005932044,0.010600111447274685,0.001
28,0.004384632340542556,0.010615234263241291,0.001
29,0.004287245678644495,0.010533930733799934,0.001
30,0.0042333659990146984,0.010519744828343391,0.001
31,0.00417491467551418,0.010450035333633423,0.001
32,0.004102379453562313,0.010434870608150959,0.001
33,0.004044962224318897,0.01041658315807581,0.001
34,0.003997172689925747,0.010332652367651463,0.001
35,0.003947835504242839,0.01036539301276207,0.001
36,0.003889820309176209,0.010283372364938259,0.001
37,0.0038558799421254,0.0103325005620718,0.001
38,0.003792814067730368,0.010302132926881313,0.001
39,0.003746172323406953,0.010289449244737625,0.001
40,0.003696723821038749,0.010244540870189667,0.001
41,0.0036836977029304366,0.010247986763715744,0.001
42,0.003628830145335364,0.01024045329540968,0.001
43,0.0036093705879798547,0.01024014875292778,0.001
44,0.003569806798309239,0.010239009745419025,0.001
45,0.0035448685267155393,0.010130601935088634,0.001
46,0.0035155833932821673,0.010145463049411774,0.001
47,0.0034894564905236973,0.010161911137402058,0.001
48,0.003447079447187899,0.010162950493395329,0.001
49,0.0034109197360780185,0.01008547842502594,0.001
50,0.003397341373229995,0.010132990777492523,0.001
51,0.003384351430148794,0.010105169378221035,0.001
52,0.003365456217635177,0.010087740607559681,0.001
53,0.0033326942903854823,0.01010300125926733,0.001
54,0.003339695198187217,0.010176015086472034,0.001
55,0.0033089583786913585,0.010139862075448036,0.001
56,0.0032833272361948254,0.010127689689397812,0.001
57,0.003265512890896292,0.010138104669749737,0.001
58,0.003242906550569507,0.010134153999388218,0.001
59,0.003228924185188894,0.010045136325061321,0.001
60,0.0032171694807670444,0.01002435851842165,0.001
61,0.003196641548683271,0.010016007348895073,0.001
62,0.003198274742187885,0.010053657926619053,0.001
63,0.0031631163198519783,0.010053182952105999,0.001
64,0.0031634285362900664,0.009967680089175701,0.001
65,0.0031399640897619846,0.00999317318201065,0.001
66,0.0031324143540397815,0.010008941404521465,0.001
67,0.0031223026893768212,0.009922776371240616,0.001
68,0.003117940392165544,0.010044473223388195,0.001
69,0.0030982933978687234,0.009959343820810318,0.001
70,0.003078192088346418,0.009924305602908134,0.001
71,0.003070489134696232,0.009961695410311222,0.001
72,0.003058888952999475,0.009925681166350842,0.001
73,0.003057542053727329,0.00992707908153534,0.001
74,0.003057501642837137,0.009951937012374401,0.001
75,0.003038228738835545,0.00992907490581274,0.001
76,0.003021352520203076,0.009892502799630165,0.001
77,0.0030212354843934934,0.00995174702256918,0.001
78,0.003016442111291483,0.009875602088868618,0.001
79,0.0030085423046505542,0.009863234125077724,0.001
80,0.002993475846700408,0.009849113412201405,0.001
81,0.0030004184487450697,0.00991241354495287,0.001
82,0.0029885665428479613,0.009876023046672344,0.001
83,0.0029640799721580018,0.009865975007414818,0.001
84,0.0029655802099100375,0.00982328224927187,0.001
85,0.002968762987080564,0.009807007387280464,0.001
86,0.0029557398142208,0.009887619875371456,0.001
87,0.0029341418220458298,0.009961607865989208,0.001
88,0.002933251617126507,0.00984515156596899,0.001
89,0.0029372772258626023,0.009860452264547348,0.001
90,0.0029273300306389325,0.009886696003377438,0.001
91,0.0029328695455859157,0.009875734336674213,0.001
92,0.0029081313736112743,0.009890753775835037,0.001
93,0.0029117559652472964,0.00987641979008913,0.001
94,0.0029064556725587943,0.00982668623328209,0.001
95,0.0028953771934215793,0.009805428795516491,0.001
96,0.002895266239573886,0.009908284991979599,0.001
97,0.0028892221274374403,0.00985453650355339,0.001
98,0.002892963559872608,0.009842049330472946,0.001
99,0.002887828819226795,0.009794230572879314,0.001
100,0.0028728665417618103,0.009851545095443726,0.001
101,0.002868612432795657,0.009805475361645222,0.001
102,0.002865775779059847,0.009787892922759056,0.001
103,0.0028550531514234803,0.009777977131307125,0.001
104,0.0028575726236372734,0.009708082303404808,0.001
105,0.002845849948202444,0.009735007770359516,0.001
106,0.0028470623257291043,0.00983679573982954,0.001
107,0.0028423122059421492,0.00976696889847517,0.001
108,0.002836517421150495,0.009790275245904922,0.001
109,0.0028514591267871374,0.009781397879123688,0.001
110,0.0028207171873808816,0.009846528060734272,0.001
111,0.002828945442419594,0.009763545356690884,0.001
112,0.002825179717593311,0.00973146129399538,0.001
113,0.002812180585383915,0.009702774696052074,0.001
114,0.0028166810031696626,0.009737643413245678,0.001
115,0.0028047627027189066,0.009740279987454414,0.001
116,0.0028089299185797196,0.009783482179045677,0.001
117,0.0028106689152927115,0.009772783145308495,0.001
118,0.002799869510274248,0.009770714677870274,0.001
119,0.002806852085912969,0.009757577441632748,0.001
120,0.0027877438428154603,0.009719585999846458,0.001
121,0.002785119287159086,0.009723111987113953,0.001
122,0.002786049770597879,0.009782037697732449,0.001
123,0.002792524602878744,0.009718958288431168,0.001
124,0.0027808100091492012,0.009759990498423576,0.001
125,0.0027862033655460415,0.009775538928806782,0.001
126,0.0027663675562341504,0.009745404124259949,0.001
127,0.0027684523690926846,0.009802366606891155,0.001
128,0.0027721062300225655,0.009737451560795307,0.001
129,0.0027629233728905167,0.00972442515194416,0.001
130,0.0027582244581169433,0.00974875595420599,0.001
131,0.0027629699342917218,0.009769400581717491,0.001
132,0.002758770479068992,0.009723618626594543,0.001
133,0.0027592978168392394,0.009722230024635792,0.001
134,0.0027511024890174416,0.009768093936145306,0.001
135,0.002752908175754441,0.009747058153152466,0.001
136,0.0027392254988686535,0.009774783626198769,0.001
137,0.0027470538926873413,0.00982076395303011,0.001
138,0.0027471955683611824,0.00973384827375412,0.001
139,0.0027354893979006614,0.009740050882101059,0.001
140,0.0027354374553932607,0.009736629202961922,0.001
141,0.0027423949952374406,0.00972333550453186,0.001
142,0.002721637247489567,0.009761940687894821,0.001
143,0.0027273501503531855,0.009709849022328854,0.001
