model,scheme,split,n_conditions,mse_all,rmse_all,pearson_all,spearman_all,pearson_delta,spearman_delta,cosine_delta,mse_de,pearson_de,spearman_de,top_20_recovery,top_50_recovery,top_100_recovery,best_alpha,validation_mse_by_alpha,best_epoch,best_validation_mse,epochs_trained,training_seconds,device,torch_version,cuda_version,n_train_active_perturbations,n_total_perturbations
mlp,unseen_combo_fold0,test,27,0.0021704095997847617,0.0444510944739536,0.9828246456605417,0.9581612770526553,0.8591166116573192,0.6524164662244156,0.8598142487031443,0.02010595093101815,0.9277957103870533,0.8808703092531475,0.6574074074074074,0.6799999999999999,0.681851851851852,,,129.0,0.005617411807179451,159.0,8.447493399999075,cuda,2.12.0+cu130,13.0,254.0,365.0
ridge,unseen_combo_fold0,test,27,0.0019515645485457585,0.04182806611061096,0.9851627703066226,0.9666913588309576,0.8774202123836234,0.6875189102867433,0.8783455126815372,0.019141144265800162,0.9388931305320175,0.8951717393961618,0.6925925925925926,0.6896296296296295,0.6922222222222223,10.0,"{'0.01': 0.006331487093120813, '0.1': 0.006305056158453226, '1.0': 0.006153613794595003, '10.0': 0.00595956202596426, '100.0': 0.006750595755875111}",,,,,,,,,
mlp,unseen_combo_fold1,test,26,0.00226215372990387,0.043652636428865105,0.9831103086471558,0.9558441479993991,0.9030463741375849,0.6895399320839121,0.9038154368217175,0.023211243132559154,0.948966383934021,0.915057351889035,0.7403846153846155,0.7338461538461538,0.7426923076923077,,,135.0,0.009828762151300907,165.0,8.67605100000037,cuda,2.12.0+cu130,13.0,252.0,365.0
ridge,unseen_combo_fold1,test,26,0.0025620842923392327,0.04632097618797651,0.9807106439883893,0.9610462562591238,0.8952055344214807,0.6929248445572179,0.895865282187095,0.02790226295697861,0.945234993329415,0.9041791871494842,0.7153846153846154,0.7161538461538461,0.7319230769230768,10.0,"{'0.01': 0.011451845988631248, '0.1': 0.011317427270114422, '1.0': 0.010583865456283092, '10.0': 0.009974807500839233, '100.0': 0.012240401469171047}",,,,,,,,,
mlp,unseen_combo_fold2,test,26,0.0021902432602543672,0.04455619405668516,0.9822939129976126,0.9487374995217036,0.8632946129028614,0.6274947927027791,0.8654984671335954,0.02533354450805256,0.9170826581808237,0.8882471324055484,0.6673076923076923,0.6907692307692307,0.6942307692307692,,,63.0,0.005674832034856081,93.0,5.019486799999868,cuda,2.12.0+cu130,13.0,255.0,365.0
ridge,unseen_combo_fold2,test,26,0.002019112490905592,0.042456875985058457,0.9838610795828012,0.9625912767663175,0.8859128493529099,0.6647861257663092,0.8872525279338543,0.0208342520502181,0.9361615295593555,0.902951833644903,0.7057692307692307,0.726923076923077,0.7038461538461539,10.0,"{'0.01': 0.005575216840952635, '0.1': 0.005561386700719595, '1.0': 0.005472315475344658, '10.0': 0.005400312133133411, '100.0': 0.006483215373009443}",,,,,,,,,
mlp,unseen_combo_fold3,test,26,0.0030315312033053488,0.05083121008311327,0.9766646188039046,0.9532128337663294,0.8750849389112912,0.6660864738722095,0.8766513420985296,0.03381489727717753,0.9293281137943268,0.8994968727641994,0.6826923076923078,0.7184615384615385,0.708076923076923,,,135.0,0.005057226400822401,165.0,8.859357999999702,cuda,2.12.0+cu130,13.0,250.0,365.0
ridge,unseen_combo_fold3,test,26,0.002443002442865131,0.04623667996090192,0.9815105566611657,0.9553331677385835,0.8950911806179926,0.68587736995545,0.8964623075265151,0.018131983609726794,0.95157223710647,0.9125587943409724,0.7192307692307692,0.7423076923076923,0.7323076923076924,1.0,"{'0.01': 0.005073614418506622, '0.1': 0.005071407649666071, '1.0': 0.005066722631454468, '10.0': 0.005321805365383625, '100.0': 0.007110340055078268}",,,,,,,,,
mlp,unseen_combo_fold4,test,26,0.0018538003429197348,0.04172358862482584,0.9840628779851474,0.9491566626880168,0.8743623311703022,0.6414162913641133,0.8753794339986948,0.01780434214295103,0.9347332165791438,0.9008225437928409,0.6865384615384614,0.6800000000000002,0.6896153846153845,,,91.0,0.008356371894478798,121.0,6.273049800000081,cuda,2.12.0+cu130,13.0,255.0,365.0
ridge,unseen_combo_fold4,test,26,0.001928673815340377,0.04199621353584986,0.9841689948852246,0.9546179136515967,0.8894709394528315,0.6555393750102787,0.8899829731537745,0.015095081663905429,0.9481561802900754,0.9008433151007408,0.7,0.6753846153846154,0.6926923076923079,1.0,"{'0.01': 0.0075444504618644714, '0.1': 0.007541798520833254, '1.0': 0.007535463664680719, '10.0': 0.007699801120907068, '100.0': 0.009533378295600414}",,,,,,,,,
