epoch,train_response_mse,validation_response_mse
1,0.060140421614050865,0.01749588712118566
2,0.021548695862293243,0.014158135396428406
3,0.016093327198177576,0.0116690011927858
4,0.013945248792879283,0.010915560065768659
5,0.012672728160396218,0.010414364980533719
6,0.011872901930473745,0.010204904130659997
7,0.01130181469488889,0.00999703980050981
8,0.01079138950444758,0.00982924411073327
9,0.010302052251063287,0.009577468037605286
10,0.009873157949186862,0.009293602430261672
11,0.009371147258207202,0.00899929041042924
12,0.008927551214583218,0.00866326701361686
13,0.008516986505128443,0.008371541334781796
14,0.00810410885605961,0.008107492991257459
15,0.007780663319863379,0.007907311199232936
16,0.007499394938349724,0.007736857107374817
17,0.00725775834871456,0.007584990875329822
18,0.007051395019516349,0.007442820351570845
19,0.006852115970104933,0.0072606849716976285
20,0.006679529324173927,0.007162629917729646
21,0.0065139385988004506,0.007084688695613295
22,0.006362993153743446,0.006956951459869742
23,0.006255057989619672,0.0068742281291633844
24,0.006131311412900686,0.0067889674683101475
25,0.006022129498887807,0.006752475805114955
26,0.00593713711714372,0.006655874603893608
27,0.005820861551910639,0.006592460325919092
28,0.0057370635331608355,0.006544030911754817
29,0.005651786865200847,0.006464256555773318
30,0.005567611660808325,0.006462679535616189
31,0.005506093963049352,0.0063357174512930214
32,0.005416092579253018,0.006321390566881746
33,0.005351954547222704,0.006291566474828869
34,0.005312853958457708,0.006148356362245977
35,0.0052480255253612995,0.006102405313868076
36,0.005192242213524878,0.006070200353860855
37,0.005135005048941821,0.006052565004210919
38,0.005092350824270397,0.0059947711997665465
39,0.00506478879833594,0.005956412700470537
40,0.005007532716263086,0.00595117371995002
41,0.004962988139595836,0.005848127417266369
42,0.004931055300403386,0.0058712223544716835
43,0.004881619068328291,0.005848971253726631
44,0.004849347344134003,0.0058150869444943964
45,0.004827388329431415,0.005789095186628401
46,0.004779827082529664,0.005740221124142408
47,0.004748341161757708,0.005728255433496088
48,0.00471286935498938,0.005728154210373759
49,0.004676664422731847,0.005687591736204922
50,0.004637299745809287,0.005696578416973352
51,0.004617737780790776,0.005685572046786547
52,0.004612236749380827,0.005613932269625366
53,0.004553658596705645,0.0055779648828320205
54,0.004539869143627584,0.005597129696980119
55,0.004505773191340268,0.0055634399759583175
56,0.004465013742446899,0.005502071289811283
57,0.004460250143893063,0.005537448858376592
58,0.004433125082869083,0.005521761020645499
59,0.004407053755130619,0.00546204560669139
60,0.00439459877088666,0.005444521375466138
61,0.004351527488324791,0.005421444482635707
62,0.004343453736510128,0.005403315997682512
63,0.004335607576649636,0.005392201885115355
64,0.004280705295968801,0.005401968490332365
65,0.004287637828383595,0.005363250558730215
66,0.004252005950547755,0.005319663090631366
67,0.004231777274981141,0.005347915866877884
68,0.0041992535116150975,0.00531115080229938
69,0.004189761762972921,0.00527067540679127
70,0.004170283325947821,0.005246414861176163
71,0.004160011769272387,0.005276618932839483
72,0.004138863208936527,0.005228650232311338
73,0.004118601587833837,0.0052199409692548215
74,0.004106498818146065,0.0052083166083320975
75,0.004060118226334453,0.005201159219723195
76,0.004049722454510629,0.00518880266463384
77,0.004037069506011903,0.005173094978090376
78,0.004025883128633723,0.005183806293644011
79,0.004000703658675775,0.005131254612933844
80,0.003982639667810872,0.0051921739941462874
81,0.003958044195314869,0.005130978475790471
82,0.003969097218941897,0.005092611652798951
83,0.003936205932404846,0.005110491358209401
84,0.003922242380212992,0.0051025726716034114
85,0.003903096541762352,0.005090568447485566
86,0.003897668735589832,0.005095657543279231
87,0.0038810379046481103,0.005060987314209342
88,0.003864433412672952,0.00506325886817649
89,0.003855771152302623,0.004986125451978296
90,0.003823302628006786,0.004990422690752894
91,0.003817350952886045,0.005021661927457899
92,0.0038081597595009953,0.005040232150349766
93,0.0037980226043146104,0.005047034763265401
94,0.0037665716954506934,0.005051518033724278
95,0.003774111537495628,0.0050485883839428425
96,0.0037654886837117374,0.005011898349039257
97,0.003743324807146564,0.0049973519635386765
98,0.0037239408993627876,0.00496879278216511
99,0.0037062634364701807,0.0049708541482687
100,0.0036965958133805543,0.004966555628925562
101,0.0037086148222442716,0.004960812453646213
102,0.0036790391022805125,0.004952283867169172
103,0.0036725316895172,0.004900883184745908
104,0.003660814225440845,0.004874007194302976
105,0.0036395086208358407,0.004928842885419726
106,0.003650999569799751,0.004938703088555485
107,0.0036306515976320952,0.0049056343850679696
108,0.0036242259957361966,0.00482594792265445
109,0.00362452570698224,0.004887327901087701
110,0.0036164990451652557,0.004893797857221216
111,0.0035912638413719833,0.004832321952562779
112,0.0036046021268703043,0.004867268784437329
113,0.003578596457373351,0.004840594599954784
114,0.0035818067262880504,0.004866525647230446
115,0.0035615304950624704,0.0048377279308624566
116,0.0035649951023515314,0.004830282588955015
117,0.003563038684660569,0.004804953932762146
118,0.0035483570536598563,0.004811840830370784
119,0.0035307936486788094,0.004810481914319098
120,0.0035390749690122902,0.0048300265916623175
121,0.00352869278867729,0.00475678191287443
122,0.003516489377943799,0.004797469999175519
123,0.0035110988828819245,0.004772099724505097
124,0.0034983061195816845,0.004817455599550158
125,0.0034905328939203173,0.0047716276603750885
126,0.0034834645339287817,0.004837311105802655
127,0.003490879520541057,0.004769398015923798
128,0.003474876401014626,0.004775377339683473
129,0.003474199096672237,0.004730796383228153
130,0.003460029576672241,0.00472259777598083
131,0.0034597743360791355,0.004726056940853596
132,0.003462449589278549,0.004754166351631284
133,0.0034501246991567314,0.00474107195623219
134,0.0034474185085855424,0.004784719669260085
135,0.0034334757074248046,0.004748729115817696
136,0.0034216176136396825,0.0047090473817661405
137,0.003414602280827239,0.004739350872114301
138,0.0034034604905173182,0.004694300354458392
139,0.003420154971536249,0.00476191658526659
140,0.0033922796428669244,0.004731672815978527
141,0.003385521093150601,0.004702920559793711
142,0.0033761778322514147,0.004742876626551151
143,0.0033778032229747623,0.004710228648036718
144,0.00337689186562784,0.004744523030240089
145,0.0033714533201418817,0.004663616651669145
146,0.0033539353171363473,0.004692267219070345
147,0.0033545363694429398,0.004755087604280561
148,0.0033596218563616276,0.0047071201843209565
149,0.0033536418923176825,0.004740188713185489
150,0.003331899002660066,0.004699361452367157
151,0.003328565158881247,0.004700979683548212
152,0.0033338770736008883,0.004676123498938978
153,0.0033388327865395695,0.004702692502178252
154,0.0033290774445049465,0.0046531507396139205
155,0.0033440150145906955,0.004709682427346706
156,0.003336917230626568,0.004702535399701446
157,0.003317245136713609,0.004678690864238888
158,0.0033080815337598324,0.004692688409704715
159,0.003310024825623259,0.004669132467824966
160,0.0033056273823603988,0.004693435272201896
161,0.0032981919939629734,0.004685864609200507
162,0.0032959801028482616,0.0047079932410269976
163,0.003293618035968393,0.004657900077290833
164,0.00329052479355596,0.004718846874311566
165,0.0032790274126455188,0.004684134677518159
166,0.0032675399852450937,0.004652317031286657
167,0.0032773677667137235,0.004771047970280051
168,0.0032771840051282197,0.0046911524259485304
169,0.003269662265665829,0.004717574513051659
170,0.0032778498134575784,0.004680296289734542
171,0.003273762558819726,0.004676383687183261
172,0.0032660972501616925,0.004703477956354618
173,0.003250476554967463,0.004652332689147443
174,0.0032667423656675965,0.004619082668796182
175,0.0032537909864913672,0.0046475056442432106
176,0.00326498641516082,0.004648000816814601
177,0.0032516933570150286,0.004728989501018077
178,0.003238527773646638,0.004633850243408233
179,0.0032384857768192887,0.004696412303019315
180,0.0032188224140554667,0.004688226443249732
181,0.003233206254662946,0.004690920002758503
182,0.003239309386117384,0.004638796322979033
183,0.003219684265786782,0.004713979258667678
184,0.0032481152447871864,0.004644709464628249
185,0.003231262235203758,0.004714805167168379
186,0.0032339703175239265,0.004664132313337177
187,0.0032394533045589924,0.004691599227953702
188,0.0032270692754536867,0.00468326301779598
189,0.003212681331206113,0.0046419992577284575
190,0.0031986618996597826,0.004654221935197711
191,0.0032126954465638846,0.004633656062651426
192,0.0032108559098560363,0.004655372991692275
193,0.0031943276699166745,0.004635053570382297
194,0.003210876224329695,0.004603833367582411
195,0.003207172587281093,0.004645390319637954
196,0.003191117342794314,0.00466432620305568
197,0.003187338064890355,0.004649503563996404
198,0.003192741278326139,0.004606870003044605
199,0.0031730840273667127,0.004632345517165959
200,0.0031945634982548654,0.004617408325430006
201,0.0031846164201851934,0.004632227763067931
202,0.0031672435288783163,0.004606360860634595
203,0.003175445512169972,0.0046580699272453785
204,0.003179544466547668,0.004666689259465784
205,0.0031679086096119136,0.0046720264363102615
206,0.0031881926115602255,0.004602837725542486
207,0.003167957562254742,0.004673543386161327
208,0.0031797855626791716,0.004653789510484785
209,0.0031671875913161784,0.004625937610398978
210,0.0031739404366817325,0.00458807306131348
211,0.0031664932030253112,0.004612399672623724
212,0.003147237002849579,0.00462838466046378
213,0.003154933947371319,0.004635718301869929
214,0.003150575270410627,0.004629119124729186
215,0.003158513631206006,0.004647308320272714
216,0.0031512504792772233,0.004620860156137496
217,0.0031478587188757956,0.0046167721739038825
218,0.0031561943178530782,0.004617030150257051
219,0.0031609924626536667,0.004645603650715202
220,0.003153673984343186,0.004572428355459124
221,0.0031399870640598238,0.004603398381732404
222,0.0031476016738452017,0.004585022514220327
223,0.0031314592342823744,0.004610744246747345
224,0.0031158534111455083,0.004574378544930369
225,0.0031134923628997058,0.00460283417487517
226,0.0031236806826200336,0.004585589689668268
227,0.003132711455691606,0.004601036082021892
228,0.0031188630964607,0.004591933451592922
229,0.00311173390946351,0.0045857675722800195
230,0.003117751417448744,0.004592986195348203
231,0.0031046519870869815,0.004611767712049186
232,0.003121060464764014,0.004618544247932732
233,0.0031300557893700898,0.0046117063611745834
234,0.0031175479234661907,0.004551695426926017
235,0.0031253630004357547,0.004663979227188975
236,0.003103164170170203,0.004564409959129989
237,0.0030988265643827617,0.004617698781657964
238,0.0031096261518541723,0.004604451823979616
239,0.0031151757575571537,0.004651860159356147
240,0.0030944167519919574,0.004562357324175537
241,0.0030931344081182033,0.004646239220164716
242,0.0031182776438072324,0.004578495747409761
243,0.0030971186934038997,0.004643691412638873
244,0.0031003202020656317,0.004577576415613294
245,0.0030816331563983113,0.0046037842403166
246,0.0030955387046560645,0.004586339113302529
247,0.003076884924666956,0.004612600081600249
248,0.0030897716351319104,0.00457665795693174
249,0.0030949177453294396,0.004619246814399958
250,0.0030842184205539525,0.004608463204931468
251,0.003084559226408601,0.004534726613201201
252,0.00309529626974836,0.004598832281772047
253,0.003075005835853517,0.004646559304092079
254,0.003090625221375376,0.0045632399851456285
255,0.0030703632219228894,0.004601769091095775
256,0.0030838169914204627,0.004555512277875096
257,0.0030715002212673426,0.004613937286194414
258,0.003077183704590425,0.004549007571768016
259,0.0030724200478289276,0.004562140617053956
260,0.003067823243327439,0.004637271864339709
261,0.0030566364293918014,0.004567784839309752
262,0.003071205865126103,0.004610892967320979
263,0.0030604845378547907,0.004602803790476173
264,0.0030724350654054433,0.004570124496240169
265,0.00307563369278796,0.004529744328465313
266,0.003061501804040745,0.004650646180380136
267,0.0030640793265774846,0.00462469452759251
268,0.003061499068280682,0.004538055160082877
269,0.003072721272474155,0.004606070870067924
270,0.0030564131448045373,0.004669919377192855
271,0.0030554243130609393,0.004568188451230526
272,0.0030485623283311725,0.004538949055131525
273,0.0030389855382964015,0.004582358582410961
274,0.0030343947873916477,0.004563694586977363
275,0.003055013105040416,0.004537465225439519
276,0.0030416930094361305,0.0045843280386179686
277,0.0030542542517650872,0.004595064092427492
278,0.0030464829178526998,0.004540211462881416
279,0.003052882762858644,0.004570205172058195
280,0.003052027750527486,0.004648639180231839
281,0.0030441670096479356,0.004575100145302713
282,0.0030282633379101753,0.004546707554254681
283,0.0030482906731776893,0.0046505656791850924
284,0.0030193319253157824,0.004538520995993167
285,0.0030233813740778714,0.00460478663444519
286,0.0030323934624902904,0.004562279558740556
287,0.0030254837474785745,0.004561643174383789
288,0.0030269701674114913,0.004564847564324737
289,0.0030316457559820265,0.0045749719720333815
290,0.0030335538904182613,0.004557706066407263
