epoch,learning_rate,train_total,train_response,train_reference_reconstruction,train_target_reconstruction,train_reconstruction,train_latent_alignment,validation_total,validation_response,validation_reference_reconstruction,validation_target_reconstruction,validation_reconstruction,validation_latent_alignment
1,0.001,0.10067147345561062,0.08027061529760131,0.07299553999100543,0.08020434522916217,0.07659994311592906,0.05080870240170338,0.01742459274828434,0.015073894523084164,0.006744573824107647,0.015029942616820335,0.010887257754802704,0.0017324606887996197
2,0.001,0.02617899752056538,0.020019353996149174,0.013410788781108893,0.020038608390705537,0.016724698661547625,0.028147036360983316,0.012495665811002254,0.01102554053068161,0.003185706678777933,0.011038094758987427,0.007111900486052036,0.00047745226765982807
3,0.001,0.01905130943860197,0.014941880895477261,0.008092082344317042,0.015007414093931314,0.011549748357404308,0.017994786480318773,0.011612783186137676,0.010339194908738136,0.0022240597754716873,0.010343641974031925,0.006283850874751806,0.00016817604773677886
4,0.001,0.01634401255547244,0.01319761934505804,0.006381763315518495,0.013222486811316558,0.009802125044507424,0.011859683182828014,0.011214103549718857,0.010008924640715122,0.0019421709002926946,0.010010745376348495,0.005976458080112934,9.886785846902058e-05
5,0.001,0.015091189849875905,0.012391496340975847,0.005582623949586437,0.012413248471764442,0.008997936312317243,0.009001062119256723,0.011168520897626877,0.009963964112102985,0.00197903742082417,0.009969738312065601,0.005974387750029564,9.678825153969228e-05
6,0.001,0.014266307158442923,0.011858536464724746,0.005097188660638586,0.011872229260879422,0.008484708960759004,0.00710828852400108,0.011192596517503262,0.0099985646083951,0.001779781305231154,0.010015497915446758,0.005897639784961939,0.0001450319541618228
7,0.001,0.013628825866782726,0.011435968541365287,0.004638494186216805,0.011464928182286357,0.00805171118425158,0.005825151701169419,0.011128154583275318,0.009926672093570232,0.0018304211553186178,0.009974842891097069,0.005902632139623165,0.00020955574291292578
8,0.001,0.013113460522428684,0.011071043854891346,0.004271117963256116,0.011123445769062804,0.0076972819855294855,0.005029604252579097,0.010991998016834259,0.009740685112774372,0.002066185465082526,0.009881340898573399,0.005973763298243284,0.0005655991844832897
9,0.001,0.012680660588146769,0.010715048268513026,0.004137857784020719,0.010867709832899461,0.007502783789549988,0.004650554567726736,0.010964958928525448,0.009641604498028755,0.0018023232696577907,0.009984058327972889,0.005893190857023001,0.0014471621252596378
10,0.001,0.012139461192344953,0.010222078518478702,0.0038656836273952334,0.01059769732679056,0.007231690436317988,0.004710444476133978,0.010673483833670616,0.009209711104631424,0.0018106786301359534,0.009992782026529312,0.00590173015370965,0.0028342632576823235
11,0.001,0.011488321393274414,0.009591910000039538,0.003456400387074212,0.010433582352653977,0.00694499135745434,0.005074130501219918,0.009874802082777023,0.008478989824652672,0.0020085060968995094,0.009871453046798706,0.005939979571849108,0.002078163204714656
12,0.001,0.01076707302540692,0.008922877192005591,0.0033506607946462287,0.010255415243129742,0.006803037955657328,0.00483588282217456,0.00953737273812294,0.00815532635897398,0.001900593051686883,0.009886303916573524,0.005893448367714882,0.0020335696171969175
13,0.001,0.010288058865229188,0.00851900241134433,0.0032430186307502128,0.010080570425970603,0.006661794559680266,0.00436697558376957,0.009221571497619152,0.007864993996918201,0.001799795893020928,0.009908010251820087,0.005853903014212847,0.001857974100857973
14,0.001,0.009874521764137115,0.008187349732057547,0.0029709582644878757,0.00990017790933551,0.0064355680898663965,0.0040005834118420555,0.009057505987584591,0.007723725400865078,0.0018309704028069973,0.009828442707657814,0.005829706788063049,0.0016783958999440074
15,0.001,0.00949598010156663,0.007858763115603459,0.0028698194847645493,0.009679686902138182,0.0062747532029064175,0.0038226627387806093,0.008527415804564953,0.007203851360827684,0.001727713388390839,0.009762387722730637,0.005745050497353077,0.0017455428605899215
16,0.001,0.00916902153625101,0.007573067633728237,0.0026346479393636363,0.009536022968060777,0.006085335475577013,0.0037888682312639385,0.008228923194110394,0.006862811744213104,0.0015701565425843,0.009731884114444256,0.0056510204449296,0.0023590780328959227
17,0.001,0.008804681734536505,0.0072316006416937115,0.002337397304292636,0.00934633787078452,0.00584186762240408,0.004047076897412009,0.007760428823530674,0.006428624037653208,0.0011948543833568692,0.009866397827863693,0.00553062604740262,0.0022567936684936285
18,0.001,0.008386050757531285,0.006919936823001519,0.0020795396214757624,0.009133047112240101,0.005606293344993125,0.003448552883414523,0.00715991947799921,0.0059311967343091965,0.001244447659701109,0.009228437207639217,0.0052364422008395195,0.001814340241253376
19,0.001,0.008059002525234586,0.00668056050627516,0.0019515803571894463,0.008723327965678903,0.005337454203686436,0.003109512135603933,0.007197653409093618,0.006048101931810379,0.0011983728036284447,0.008866099640727043,0.005032236222177744,0.0014310410479083657
20,0.001,0.007792469355168984,0.006497226771307627,0.0019052759419209537,0.008193745500015729,0.0050495107194909895,0.0028534046631911534,0.007034035865217447,0.005937024485319853,0.0010130286682397127,0.008517364971339703,0.004765196703374386,0.001439724350348115
21,0.001,0.007575295662252128,0.006341298165149646,0.0017547267831880882,0.007918234233777535,0.004836480520892567,0.0026670134529414666,0.006802390795201063,0.005737694911658764,0.0009871681686490774,0.008336670696735382,0.004661919549107552,0.0013231228804215789
22,0.001,0.007404819509099583,0.006215088447640995,0.0016525445575707681,0.007714848454833636,0.004683696511225198,0.0025299183556308905,0.0067488932982087135,0.005718517582863569,0.0012014004169031978,0.00782837439328432,0.00451488746330142,0.0012739833910018206
23,0.001,0.007265262806854272,0.006123102849188644,0.0015594475574053938,0.007510160088898416,0.00453480377764947,0.002351991377231963,0.006628562696278095,0.005661787465214729,0.0009816319216042757,0.007601423654705286,0.004291527904570103,0.0010846955701708794
24,0.001,0.007138223926238905,0.006045060865770137,0.0014604275897239821,0.007267987802341051,0.004364207694259694,0.002203215145255406,0.006351958028972149,0.0054147993214428425,0.0007981429225765169,0.007482930086553097,0.004140536300837994,0.001090513775125146
25,0.001,0.006954063212281556,0.005902675273568195,0.0013739351132355138,0.007042711213004166,0.004208323177006946,0.002097233450323873,0.0063634878024458885,0.005480347666889429,0.0008815487381070852,0.007065288256853819,0.00397341838106513,0.0008845656993798912
26,0.001,0.006897619530690957,0.005879054245477551,0.001333950387035038,0.00685704155082857,0.0040954959644997485,0.001994659955173655,0.006261920556426048,0.005384791176766157,0.0007466603419743478,0.00691588968038559,0.003831275040283799,0.0011087454622611403
27,0.001,0.00679334433900599,0.005801436087107144,0.0012575417850402934,0.006678375330408515,0.003967958516654024,0.0019831649455605877,0.006223341915756464,0.005409126169979572,0.0006966943037696183,0.006581484340131283,0.003639089409261942,0.000863976834807545
28,0.001,0.006672423406206261,0.005719827504611106,0.001168530469826484,0.006511882124799611,0.0038402063209506763,0.0018455461158090967,0.006064075976610184,0.00524898013100028,0.0007248055771924555,0.006445273756980896,0.0035850396379828453,0.0009808799950405955
29,0.001,0.006612808334872807,0.00568093295885146,0.0010999772948246014,0.00641765346192769,0.0037588153972862486,0.0018011218387170265,0.006521817296743393,0.0057187192142009735,0.0006924517801962793,0.006454044952988625,0.0035732483956962824,0.000884486420545727
30,0.001,0.006525955992623181,0.0056199596977324654,0.0010509329196774792,0.006322334423604502,0.0036866336559810615,0.0016866967106843132,0.006030287127941847,0.005256026051938534,0.0006822151481173933,0.006170236971229315,0.0034262260887771845,0.0008901597466319799
31,0.001,0.006438830186645997,0.005553679448566612,0.0009923475081819644,0.00622255079977706,0.0036074491501383974,0.0016366079908223625,0.006156757473945618,0.005393302999436855,0.0006582383066415787,0.006101940292865038,0.0033800892997533083,0.0008743657381273806
32,0.001,0.006386748151050001,0.005518923541956444,0.0009499736340612475,0.006136618549864607,0.0035432960724618833,0.0015916539714222557,0.006122855469584465,0.005361273884773254,0.000671234680339694,0.005971244070678949,0.003321239259094,0.0009733405895531178
33,0.001,0.006314763487293031,0.005458740931155567,0.0009208946112959366,0.006056151135356596,0.0034885228644621555,0.0015831805463067167,0.006545352283865213,0.005798472557216883,0.0006573009304702282,0.005999006796628237,0.0033281538635492325,0.000812490121461451
34,0.001,0.0063225394067576695,0.005473423848486491,0.0008973763690703563,0.0060299850295907655,0.0034636806951939755,0.0015637942366443839,0.0059717088006436825,0.005233334843069315,0.000653324939776212,0.005860182922333479,0.003256754018366337,0.0008702330524101853
35,0.001,0.006250759085574126,0.005409564208333867,0.0008598455203682903,0.00597307748553641,0.003416461517873603,0.0015790271649590982,0.006013751029968262,0.00527212442830205,0.0006340999971143901,0.005873409565538168,0.0032537546940147877,0.0009087573853321373
36,0.001,0.00616624040368396,0.0053324089385569096,0.0008370732805256727,0.00594524565261557,0.0033911594856284597,0.001555995815929952,0.006170675624161959,0.005441837944090366,0.000639447127468884,0.0058263442479074,0.003232895629480481,0.0008225837373174727
37,0.001,0.006129941387754407,0.0053039614139550224,0.0008076563135361498,0.005907785809282119,0.003357721056533873,0.0015443571982668893,0.005787885747849941,0.005064009223133326,0.0006422607693821192,0.005700037349015474,0.0031711491756141186,0.000896469340659678
38,0.001,0.00605293688822897,0.005240520642039739,0.0007765241467209561,0.005854456295462581,0.003315490227296646,0.0014931816273241253,0.005838362500071526,0.005134688224643469,0.0006250764126889408,0.005652193911373615,0.0031386350747197866,0.0007594735943712294
39,0.001,0.006004896726421445,0.005199379190745844,0.0007685277404778916,0.0057988814125546646,0.003283704602665405,0.0014877661437429676,0.005838528275489807,0.005129516124725342,0.0006261320086196065,0.0056456830352544785,0.0031359074637293816,0.0008183057652786374
40,0.001,0.005929304374296804,0.005137246827769854,0.0007217848474906786,0.005757111831459449,0.0032394483394750633,0.0014416793666231602,0.00567808048799634,0.004977734759449959,0.0006344233988784254,0.00553144421428442,0.003082933835685253,0.0008375891484320164
41,0.001,0.0059190614049696375,0.005123257904129131,0.0007411066937936366,0.005758190269908173,0.0032496485164209368,0.0014587373804858873,0.006176355294883251,0.0054634646512568,0.0006114415009506047,0.005605414509773254,0.003108428092673421,0.0009120468166656792
42,0.001,0.0058800126993225005,0.005093794072585814,0.0006992064545233616,0.005719156614339291,0.00320918150458882,0.0014438233952874763,0.00573838222771883,0.005033358000218868,0.0006420942372642457,0.00561565114185214,0.0031288727186620235,0.000792495789937675
43,0.001,0.00579697442321381,0.005019978806849209,0.0006788785700558632,0.005701900918395991,0.0031903897551583305,0.0013891767874728831,0.0056203329004347324,0.004931765142828226,0.0006379217375069857,0.005450948607176542,0.003044435288757086,0.0007968066493049264
44,0.001,0.005749544478612503,0.004984716419130564,0.0006724096285675648,0.005666216993751714,0.003169313311898315,0.0013096541081210077,0.005556505173444748,0.0048782723024487495,0.0006397453253157437,0.005428661126643419,0.003034203313291073,0.0007139227818697691
45,0.001,0.00570478954536812,0.004940557591428006,0.0006545045162518013,0.005648484647387478,0.00315149459836598,0.0013393302451639535,0.005694452673196793,0.005020213313400745,0.0006104923086240888,0.005419521126896143,0.003015006659552455,0.000712375738658011
46,0.001,0.005664446499898349,0.004910676073528788,0.0006392335112627388,0.005615529067681979,0.0031273812800173078,0.0012829418643968663,0.005596125964075327,0.004911575932055712,0.0006981587503105402,0.005445543676614761,0.003071851097047329,0.0007017965544946492
47,0.001,0.0056507857280031675,0.0048920402284427945,0.000640939302425737,0.005636663873429377,0.0031388015746313907,0.0013098520165318766,0.005553066730499268,0.004872492048889399,0.0006254602922126651,0.005413532257080078,0.0030194963328540325,0.0007667524623684585
48,0.001,0.005634590567368541,0.004882600619386749,0.0006452147094863774,0.005592809243099338,0.0031190119981576647,0.0012818748228308665,0.005680141970515251,0.004993803799152374,0.0006372225470840931,0.005443642381578684,0.0030404324643313885,0.0007825138745829463
49,0.001,0.005547530563822404,0.0048041209049031215,0.0006112846295316208,0.005567265464096959,0.0030892749924477437,0.0012555467112576068,0.005618755705654621,0.004944485612213612,0.000625286833383143,0.005383173935115337,0.0030042303260415792,0.0007342405733652413
50,0.001,0.005516319660952097,0.004783588695590418,0.0005910233830853464,0.005525240504423979,0.003058131939027137,0.0012110456160085304,0.005441443528980017,0.004768109880387783,0.0006296201609075069,0.0053807273507118225,0.0030051737558096647,0.0007229903130792081
51,0.001,0.005496719771721944,0.00475873973995901,0.0005974983308951224,0.005539074719784223,0.0030682865473522147,0.0012432269505012383,0.005759513936936855,0.005079992581158876,0.0006138002499938011,0.0054152607917785645,0.003014530520886183,0.0007661548443138599
52,0.001,0.005445353448069489,0.004712762455290495,0.00059234330798192,0.005529541508081904,0.003060942405815884,0.0012040254470849702,0.005475498735904694,0.004795699845999479,0.0006427544867619872,0.005380233284085989,0.003011493943631649,0.0007749992655590177
53,0.001,0.005396774468877291,0.004672036106759673,0.0005711748360462374,0.005500387854231191,0.0030357813578439394,0.0011758202099510786,0.005638367496430874,0.004967314191162586,0.0006249204743653536,0.005321505945175886,0.0029732133261859417,0.000764107855502516
54,0.001,0.005374620247840276,0.004655158645969811,0.0005471948953818171,0.005485505544046309,0.0030163502448290434,0.001161915166208965,0.005516010336577892,0.004843863658607006,0.0006320510292425752,0.005318707320839167,0.00297537911683321,0.0007707077311351895
55,0.001,0.005325649968977204,0.004610765441722676,0.0005530829241187288,0.005451257345337553,0.0030021701565929476,0.0011445047176646323,0.0055572702549397945,0.004892291035503149,0.0006073932745493948,0.005266579333692789,0.0029369862750172615,0.0007758209831081331
56,0.001,0.005318749906391208,0.004610577359474098,0.0005473016015476155,0.0054467807306440045,0.002997041171709747,0.0010876441723076144,0.005543113686144352,0.004883561283349991,0.0006071155075915158,0.005310747306793928,0.0029589314945042133,0.0006776645896025002
57,0.001,0.0052861639341046365,0.0045783314664805605,0.0005326866226029691,0.005448216529856176,0.0029904515621947303,0.0010974211151461085,0.005599692929536104,0.004928325768560171,0.0006174978916533291,0.0052613564766943455,0.0029394272714853287,0.0008348168339580297
58,0.001,0.005246604993693569,0.004544552375425391,0.0005382587288170675,0.005431405022778184,0.0029848318601376966,0.0010508620150642574,0.005540227051824331,0.004879470448940992,0.0006017333944328129,0.00528751639649272,0.0029446249827742577,0.0007183161797001958
59,0.001,0.005242105443408798,0.004542637235830127,0.000522611498759426,0.0054156819812310525,0.0029691467203464606,0.0010563895105724671,0.0056303720921278,0.004973941016942263,0.0005989078781567514,0.005241435021162033,0.0029201714787632227,0.0007239660480991006
60,0.001,0.00521846566358723,0.004521585269334731,0.0005160668288088087,0.005392883734087351,0.002954475295630657,0.0010598534747702896,0.005433756858110428,0.004775207955390215,0.0006328032468445599,0.005254331510514021,0.002943567465990782,0.0006983524071983993
61,0.001,0.005226147753484358,0.004528450505420339,0.0005240891584393753,0.005404022805922225,0.002964056001238638,0.0010488598245824805,0.005590952932834625,0.004924706649035215,0.0005981947761029005,0.005304520949721336,0.0029513579793274403,0.0007597433286719024
62,0.001,0.005192272138171995,0.004499522692566444,0.000505665410250936,0.005367348417356081,0.00293650691099654,0.0010544808213906315,0.005465072579681873,0.00480347266420722,0.0006267036660574377,0.005225285422056913,0.002925994573161006,0.0007640110561624169
63,0.001,0.005143072380481032,0.004458719741571978,0.0004957942419146485,0.0053446149656804385,0.0029202046104456264,0.0010031166198063018,0.005361925344914198,0.0047129555605351925,0.0006080986931920052,0.005232772324234247,0.002920435508713126,0.0006488271174021065
64,0.001,0.005108328555062942,0.00442515296606243,0.0004953184938601922,0.005340485850131602,0.002917902193122028,0.0009959508782503227,0.005413417238742113,0.004762841854244471,0.0006176025490276515,0.005232824012637138,0.0029252131935209036,0.0006553283310495317
65,0.001,0.0051190630286969815,0.00444045309261017,0.0004891370722154146,0.005329837438740252,0.0029094872079071053,0.0009671259644266388,0.005331705324351788,0.00468458840623498,0.0006568373064510524,0.005153104197233915,0.0029049706645309925,0.0006612284341827035
66,0.001,0.005111540965546811,0.004425026345194369,0.0004983159734425489,0.00533833889394696,0.0029183274056989376,0.0010284913265321233,0.005660369526594877,0.005005766171962023,0.0006022871821187437,0.005177674349397421,0.0028899807948619127,0.0007660735864192247
67,0.001,0.005120088681956838,0.004437492689978199,0.0004953892885584403,0.005319627335172166,0.0029075083034443977,0.0010109438151972095,0.005259240511804819,0.004612032789736986,0.0006104910862632096,0.005160814616829157,0.0028856529388576746,0.0007007692474871874
68,0.001,0.0051121246046032095,0.004427098339366807,0.000500111666337828,0.00532464102988467,0.0029123763123593354,0.0010255106315867702,0.0054651712998747826,0.004802805371582508,0.0006119542522355914,0.005163576919585466,0.00288776564411819,0.0008481262484565377
69,0.001,0.005023547034559365,0.004342152482976541,0.00047900065526172405,0.005296080590693781,0.002887540643439075,0.0010388640501905176,0.00550370616838336,0.00485029025003314,0.000599211547523737,0.0051578436978161335,0.0028785276226699352,0.0007771060336381197
70,0.001,0.005003874471439474,0.004333073854786793,0.000456566255785487,0.005270796088114154,0.002863681181404872,0.0009806431309310577,0.005531839095056057,0.004888785537332296,0.0006062461179681122,0.005158902611583471,0.002882574452087283,0.0006653867894783616
71,0.001,0.005013746991848128,0.004346070425859109,0.00046684010058338873,0.005257134233615574,0.0028619871741907697,0.0009527912205037883,0.00550071569159627,0.004848469514399767,0.0005970224738121033,0.005156329832971096,0.0028766761533915997,0.0007691095815971494
72,0.001,0.0049964291005759375,0.004323728210032743,0.00046918896481342766,0.005238415257352863,0.0028538020968267,0.001019404619000852,0.005281990859657526,0.004636174533516169,0.0006108058732934296,0.005087048746645451,0.0028489273972809315,0.0007603082340210676
73,0.001,0.004951969864612757,0.004286219831556082,0.0004575134492550178,0.005225752253406847,0.0028416328474898177,0.000974234921306958,0.005261643324047327,0.004620089661329985,0.0006256410269998014,0.005127941723912954,0.0028767914045602083,0.0006619513151235878
74,0.001,0.004936578983753012,0.004274671372536778,0.0004514353202069698,0.005209753422189485,0.0028305943844943934,0.0009578871094564988,0.0053307292982935905,0.0046942634508013725,0.0005971830105409026,0.005078545305877924,0.002837864216417074,0.0006889311480335891
75,0.001,0.00492471508294117,0.004267325059884242,0.00044881700385045165,0.005204309943382662,0.002826563480929448,0.0009207730128330552,0.005249605048447847,0.0046188440173864365,0.0006075979908928275,0.0050435177981853485,0.002825557952746749,0.0006564916693605483
76,0.001,0.004906650755535528,0.004252870614418221,0.0004406679740180332,0.005172947322391919,0.0028068076353520155,0.0009241860961484804,0.005258536897599697,0.004622132983058691,0.0006169415428303182,0.005073105450719595,0.002845023525878787,0.0006739925593137741
77,0.001,0.004888280717949123,0.0042364236988543255,0.0004382031650027156,0.005163821871605167,0.002801012508996625,0.0009165452030927019,0.005130747798830271,0.00450304476544261,0.0005991361103951931,0.005047936923801899,0.002823536517098546,0.0006299572414718568
78,0.001,0.004883154009369575,0.0042258484813805465,0.00045840529093239926,0.005182707807531363,0.0028205565271454715,0.0009319429054766477,0.005234199576079845,0.0046072788536548615,0.0006384516600519419,0.005002954043447971,0.0028207027353346348,0.0006278019864112139
79,0.001,0.004834336226304927,0.004186228863176355,0.00044337225245278766,0.005143057202759582,0.0027932147389079258,0.0008946435111172989,0.0052698226645588875,0.004644209984689951,0.0006071538664400578,0.00503991125151515,0.002823532558977604,0.0006090630777180195
80,0.001,0.004830685457176893,0.004186557222933031,0.00043555756594730436,0.005105857547079473,0.0027707075726165235,0.0008998670902453023,0.005133907310664654,0.004518581088632345,0.0005857411888428032,0.004942624364048243,0.0027641828637570143,0.0006248989375308156
81,0.001,0.004789745035642749,0.0041480443965133075,0.0004193120462309361,0.005112827523862045,0.002766069787114783,0.0008848669358439327,0.005455466918647289,0.004827562719583511,0.0006240891525521874,0.005030491854995489,0.0028272904455661774,0.0006244599935598671
82,0.001,0.004795206587780551,0.0041574599684646284,0.0004292460733748084,0.005086943091172252,0.002758094592984331,0.0008612770290553646,0.005398900713771582,0.004774158820509911,0.0006014911341480911,0.00503605417907238,0.002818772569298744,0.0006098697194829583
83,0.001,0.004764430766197177,0.0041288127791760535,0.000418151181450038,0.005078975297983376,0.00274856325220033,0.000859053758195209,0.005230114795267582,0.004616484511643648,0.0006006586481817067,0.004956135526299477,0.002778397174552083,0.0005795054021291435
84,0.001,0.004718818103771676,0.004086615687926409,0.0004153603717133989,0.005059867404722774,0.0027376139077929977,0.0008467962713628478,0.005235081538558006,0.004623604938387871,0.0006246139528229833,0.004895745776593685,0.0027601798065006733,0.0005944063887000084
85,0.001,0.0046989424437813955,0.004073712998424388,0.00041308926449743513,0.005027977614970831,0.002720533445865143,0.000811227490631438,0.005232225172221661,0.004622006323188543,0.0005888143787160516,0.0049415165558457375,0.0027651654090732336,0.0005718609900213778
86,0.001,0.004695470522862249,0.004072264441983954,0.0004105663423717192,0.004991402799915995,0.0027009845890936814,0.0008300920992115805,0.005433975253254175,0.0048245396465063095,0.0005963998846709728,0.0049329400062561035,0.002764669945463538,0.0005650133243761957
87,0.001,0.004705381690793988,0.004084310021610732,0.0004117312546533433,0.0049705953753274405,0.0026911633292468367,0.0008283894394434572,0.005336564965546131,0.004720068536698818,0.0006060748128220439,0.004967876244336367,0.002786975586786866,0.0005910141626372933
88,0.001,0.004694368122949213,0.004073218721423658,0.00041222064974505055,0.004954562522470951,0.002683391596006258,0.0008447119265293636,0.005126557312905788,0.00452509755268693,0.0006061433814466,0.004860247019678354,0.002733195200562477,0.0005482079577632248
89,0.001,0.004662699245748483,0.004048590085038981,0.00039623207696311665,0.004922382545369077,0.002659307286937527,0.0008224771082694382,0.00523383729159832,0.004630473908036947,0.0006041807355359197,0.004830527119338512,0.002717353869229555,0.0005989223718643188
90,0.0005,0.004657112553640066,0.004042743397923896,0.000414913864292176,0.004888316205121236,0.002651615035223779,0.0008404610946249727,0.005402581300586462,0.00479571707546711,0.0005876128561794758,0.00484650069847703,0.002717056777328253,0.0006345301517285407
91,0.0005,0.004589866348045883,0.003986157800737523,0.00039202430498843,0.0048265037656322046,0.002609264024008576,0.0008185582124949598,0.005175906699150801,0.004583087749779224,0.0005743924411945045,0.004754567518830299,0.0026644798927009106,0.0005992329097352922
92,0.0005,0.004559062979169908,0.003961345504704617,0.0003804530514650009,0.004805565658049081,0.0025930093379152304,0.0007911571511303826,0.005155166145414114,0.004567029885947704,0.0005794775206595659,0.004748329520225525,0.0026639034040272236,0.0005535545060411096
93,0.0005,0.004546971604001099,0.003954614583535243,0.0003816790164916346,0.004769885732891596,0.002575782362872801,0.0007720051320307524,0.005154049023985863,0.0045667062513530254,0.0005771828582510352,0.004781441297382116,0.0026793121360242367,0.0005148017080500722
94,0.0005,0.004553696209196058,0.003964492379862645,0.00037967334270978413,0.004748884215005461,0.002564278775164243,0.0007634801624063875,0.005113235209137201,0.004528835415840149,0.0005784007953479886,0.004718645941466093,0.00264852331019938,0.0005469499155879021
95,0.0005,0.004551452362370975,0.003962855243601548,0.00038031484357903944,0.004730346312434389,0.0025553305794101984,0.0007753092875387426,0.005078961607068777,0.004494358319789171,0.0005799709470011294,0.004738740622997284,0.002659355755895376,0.0005273178685456514
96,0.0005,0.004496638920763271,0.003912501746249683,0.0003817380075922075,0.00470546104231386,0.0025435995102533835,0.0007541724814570078,0.005180906504392624,0.004594631027430296,0.0005804853863082826,0.004742211662232876,0.0026613485533744097,0.0005400563823059201
97,0.0005,0.004511494830080549,0.003926058607128671,0.00038001122606710203,0.004715831082805916,0.002547921166107588,0.0007585206392296793,0.005101431626826525,0.004525584168732166,0.0005828429711982608,0.00465843640267849,0.002620639745146036,0.0005171951488591731
98,0.0005,0.004477216918872395,0.003898203335135116,0.0003759974992283275,0.004676366250886379,0.0025261818563688527,0.0007377723113723516,0.005104438867419958,0.004526407457888126,0.0005790564464405179,0.004689464345574379,0.0026342603377997875,0.0005117954569868743
99,0.0005,0.004489786239804199,0.003909386510057801,0.00038150725395744904,0.004677866890478104,0.0025296870437048866,0.0007446227520751544,0.005061819683760405,0.004488612059503794,0.0005844287807121873,0.004628865048289299,0.0026066468562930822,0.0005187834613025188
100,0.0005,0.004483012529799176,0.003907273686609141,0.0003684584488962224,0.004659927830686273,0.002514193151240724,0.0007290020780070558,0.005028000101447105,0.0044500925578176975,0.0005771887954324484,0.004681871272623539,0.0026295301504433155,0.0005200124578550458
101,0.0005,0.004466212486971151,0.0038890363908547737,0.0003697069665844916,0.004642076457042228,0.002505891721194544,0.0007599767301642918,0.005064075347036123,0.004490134306252003,0.0005716356099583209,0.0046202088706195354,0.0025959222111850977,0.0005475670914165676
102,0.0005,0.004451695777627115,0.0038772540942288293,0.00037549336563185955,0.004627518299116096,0.002501505850176067,0.0007414047784753484,0.005017427261918783,0.0044418503530323505,0.000588416529353708,0.0046601020731031895,0.002624259330332279,0.0005072508938610554
103,0.0005,0.004441671071072974,0.003872590073322887,0.0003708349726975985,0.004596819205275798,0.0024838271044988923,0.0007231556263818467,0.004990912973880768,0.004425353370606899,0.000569842872209847,0.004587448667734861,0.0025786457117646933,0.0004983021062798798
104,0.0005,0.0044720732774774586,0.0039034560263667465,0.0003721706864960624,0.004583909634860034,0.002478040165036236,0.0007300918663587175,0.005086537450551987,0.004517326131463051,0.0005752742290496826,0.0045946696773171425,0.0025849719531834126,0.0005221684696152806
105,0.0005,0.004433988068763375,0.00386502425455805,0.0003748491359460948,0.004585916249714981,0.0024803826682326304,0.0007288716237065454,0.005137136671692133,0.004562890622764826,0.0005803711828775704,0.004684831015765667,0.00263260118663311,0.00047725409967824817
106,0.0005,0.004436062807264516,0.003869439108855077,0.00036888070130333076,0.004575798623642038,0.0024723396624726844,0.0007215587494346469,0.0049871280789375305,0.004422580357640982,0.0005673137493431568,0.004593340214341879,0.002580326981842518,0.0004848242679145187
107,0.0005,0.004450604282934124,0.003884808641390374,0.00036874092033317284,0.004567429901994198,0.002468085402225707,0.0007217863732996174,0.005118428263813257,0.004544337745755911,0.0005984397721476853,0.004609371535480022,0.0026039057411253452,0.0005330950953066349
108,0.0005,0.004420803885831295,0.003853780081552373,0.00037108362415394166,0.00455992781145848,0.00246550571906196,0.000739225702594285,0.005079105496406555,0.0045099686831235886,0.0005839806981384754,0.004587162751704454,0.002585571724921465,0.000520220841281116
109,0.0005,0.004399885191832703,0.003837671627285819,0.0003722910696893533,0.004525687791369288,0.0024489894495132915,0.0007241566164352869,0.005062505137175322,0.0044974409975111485,0.0005798928323201835,0.004584872629493475,0.002582382643595338,0.0004858745960518718
110,0.0005,0.004413080113339545,0.003851693260677272,0.00036668602251896853,0.004515382945821218,0.0024410345069213113,0.0007317995334630312,0.005018492229282856,0.0044542583636939526,0.0005714508588425815,0.00458518136292696,0.0025783160235732794,0.0004857091116718948
111,0.0005,0.004410569754613535,0.003849926515751835,0.000369399911274916,0.004503933169174618,0.002436666524860308,0.0007330996931653451,0.00506196403875947,0.004494129214435816,0.0005728942342102528,0.004594644531607628,0.0025837693829089403,0.0005108061013743281
112,0.0005,0.004402502742477782,0.0038439000550146937,0.00036706422531840197,0.004497769068888753,0.002432416661212287,0.0007211940441644623,0.0050544035620987415,0.0044839996844530106,0.00059931306168437,0.004569843411445618,0.002584578236564994,0.0005348826525732875
113,0.0005,0.004383582190426095,0.00382342048551944,0.00037332592818053995,0.004496833544725618,0.002435079719020328,0.0007314579889324829,0.005028297193348408,0.004466031678020954,0.0005664657801389694,0.004547405056655407,0.002556935418397188,0.0005087871104478836
114,0.0005,0.00437838759339476,0.003819986024332531,0.00036684271783761794,0.004499511568698333,0.002433177165280517,0.0007176626373796256,0.005007143598049879,0.004447585437446833,0.0005681015900336206,0.004527738783508539,0.0025479202158749104,0.0004997432697564363
115,0.0005,0.004368415733487322,0.0038158402655292588,0.00035847299853410705,0.004461634781230525,0.0024100538818307487,0.0007056470911330567,0.005038217641413212,0.004474511370062828,0.0005735449376516044,0.004567689727991819,0.0025706172455102205,0.0004958276404067874
116,0.0005,0.004356237844597113,0.0038015858865896156,0.00036640033473941464,0.004469161756279959,0.0024177810652323333,0.0007109575450472383,0.005019052419811487,0.00445818156003952,0.0005669874954037368,0.004519375506788492,0.002543181413784623,0.0005223480402491987
117,0.0005,0.004345900334209809,0.0037955610036641964,0.0003549134131842458,0.004428417837899651,0.002391665608995608,0.0007200620564405196,0.005001169629395008,0.0044423658400774,0.000578109931666404,0.004506160505115986,0.0025421353057026863,0.0005037678056396544
118,0.0005,0.004341424102445847,0.003791025300808062,0.0003596891048967101,0.004428070986425967,0.002393880057701756,0.0007162277446705187,0.0049200840294361115,0.004368272144347429,0.0005659801536239684,0.0044624088332057,0.0025141944643110037,0.0004897324251942337
119,0.0005,0.004331404883367231,0.003783874578896891,0.00035651832795938296,0.004410527634722781,0.0023835230060867247,0.0007082567072170904,0.005085343960672617,0.004523854237049818,0.0005644111079163849,0.004537635948508978,0.0025510236155241728,0.0005128504708409309
120,0.0005,0.004329759444389019,0.003781191562656975,0.00035699537209457323,0.004424670406234295,0.002390832884880114,0.0007040138018960464,0.004943476989865303,0.004388262052088976,0.0005741153145208955,0.004490253981202841,0.0025321845896542072,0.0004877813917119056
121,0.0005,0.0043252658685149275,0.003783354939902343,0.0003569286014071576,0.004387608653662471,0.002372268647626799,0.0006745722213391272,0.005013286601752043,0.0044589838944375515,0.0005612778477370739,0.00450159702450037,0.002531437436118722,0.00048015182255767286
122,0.0005,0.004306109392835858,0.0037617339305863313,0.0003537969440068142,0.004395989599510044,0.00237489329901557,0.0006939685406508444,0.004993421491235495,0.004437862429767847,0.0005624290788546205,0.00448692636564374,0.002524677664041519,0.0005062349373474717
123,0.0005,0.004329733427632884,0.003786689568745908,0.0003507754624807063,0.004378790539325343,0.0023647829698786368,0.0007008723368003095,0.005101820919662714,0.004544603638350964,0.0005689194658771157,0.004519705194979906,0.00254431227222085,0.0004835466970689595
124,0.0005,0.0043106135808233985,0.003767190659465977,0.0003559234893944606,0.0043806571461411595,0.00236829033187652,0.0006976485315020088,0.004928631242364645,0.004374789074063301,0.0005639282753691077,0.004496784880757332,0.0025303566362708807,0.0004777076537720859
125,0.0005,0.004312982390336882,0.003772094994688851,0.00035799129808151406,0.004357222618941729,0.0023576069840698074,0.0006936600955964308,0.004936952609568834,0.004383988678455353,0.0005811689770780504,0.004436544142663479,0.002508856588974595,0.0005119253764860332
126,0.0005,0.00429275356053474,0.0037486989022738437,0.00035373991867054615,0.004376997083879364,0.0023653685105822714,0.0007098099148269686,0.005083172116428614,0.004526194650679827,0.000581893022172153,0.004452183376997709,0.002517038257792592,0.0005356961046345532
127,0.0005,0.004287429650309425,0.0037479540604984547,0.00035461521149627147,0.004343310732697019,0.002348962972687586,0.0006968303303456473,0.004930397961288691,0.004381053615361452,0.0005699738394469023,0.004437961149960756,0.0025039673782885075,0.0004855082952417433
128,0.0005,0.004287352296169185,0.003751128884788773,0.0003477968123379792,0.004325154499826849,0.0023364756560085463,0.000689283013343811,0.00492891063913703,0.0043786014430224895,0.0005701245972886682,0.0044318269938230515,0.002500975737348199,0.0005011401372030377
129,0.0005,0.004247312838221111,0.0037126916148676184,0.0003420579668812851,0.004311610348900865,0.002326834175102224,0.0006925446775548047,0.004913090728223324,0.004362842999398708,0.0005690021207556129,0.004456901922821999,0.0025129520799964666,0.0004765732155647129
130,0.0005,0.004243862483092598,0.0037104060700834554,0.00034263113535453713,0.00430655709779845,0.002324594110297748,0.0006853761698053157,0.00489827012643218,0.004348827060312033,0.0005642897449433804,0.00443744333460927,0.0025008665397763252,0.0004926957772113383
131,0.0005,0.004251300908038913,0.00371593797725961,0.00034308042610655087,0.004329462041652898,0.002336271231294359,0.0006810882690759744,0.0049139633774757385,0.004367086570709944,0.0005689288955181837,0.004408933687955141,0.0024889311753213406,0.0004909060662612319
132,0.0005,0.004237363289871494,0.003704470616580947,0.0003426495688638844,0.004318774725088311,0.002330712163300835,0.0006675029715386025,0.004945275839418173,0.004401044920086861,0.0005617006681859493,0.004399157594889402,0.002480429131537676,0.00048145302571356297
133,0.0005,0.004257396846858378,0.0037235533984065964,0.0003492628697833037,0.004313104757613639,0.00233118382263645,0.0006760674505730911,0.004869323223829269,0.004319034982472658,0.0005742415669374168,0.004421505611389875,0.0024978735018521547,0.0005071324994787574
134,0.0005,0.0042450533621958665,0.0037118177459135576,0.000348145286682615,0.004287975658260778,0.0023180604817790128,0.0006962352914518209,0.00495087681338191,0.004398441407829523,0.000569570402149111,0.004420952871441841,0.0024952616076916456,0.0005338316550478339
135,0.0005,0.004229795279898468,0.0036987189160953018,0.00033900213101642387,0.004265004865881906,0.0023020035067223355,0.0007067554740254119,0.004997363314032555,0.004440840799361467,0.0005666328361257911,0.004468093626201153,0.002517363289371133,0.0005305022932589054
136,0.0005,0.004230321909721732,0.0037020658022312797,0.00033928310249809195,0.004263843915562339,0.0023015635093995537,0.000679433663720785,0.0048810457810759544,0.004333361983299255,0.0005628508515655994,0.004399520345032215,0.0024811855982989073,0.0005144667811691761
137,0.0005,0.004202896495099146,0.0036732043130181464,0.0003454801843674182,0.004265257639592976,0.0023053689188498832,0.0006861838891506573,0.0048138960264623165,0.004268149845302105,0.0005769434501416981,0.00437630619853735,0.0024766249116510153,0.0005042118718847632
138,0.0005,0.004208804432037972,0.0036804946848583704,0.0003413971057598985,0.004250175943645427,0.0022957865184239173,0.0006915247454875276,0.004929026588797569,0.0043824538588523865,0.000577949162106961,0.004361178260296583,0.0024695636238902807,0.0005265967920422554
139,0.0005,0.0041919363884794225,0.0036664484896068343,0.00033945249639413686,0.004239305574919669,0.00228937903329314,0.0006761210341228711,0.004842362366616726,0.004298252519220114,0.0005595793481916189,0.004379771649837494,0.0024696756154298782,0.0005017445655539632
140,0.0005,0.004202521423842323,0.003676767321539863,0.00033655689898074657,0.004248746500591639,0.0022926517055478646,0.0006722375915414148,0.004912111908197403,0.004367586690932512,0.0005570109351538122,0.004367567598819733,0.002462289296090603,0.0005206731148064137
141,0.0005,0.004185440245694315,0.003662719020175601,0.00033157249291540893,0.004220113014036478,0.002275842766698242,0.0006755267454282886,0.004925890825688839,0.0043797846883535385,0.0005618154536932707,0.0043717618100345135,0.0024667885154485703,0.0005274834111332893
142,0.0005,0.004183547254557235,0.003660705757237555,0.00033314435150081924,0.0042223460230087564,0.0022777451691572284,0.0006729248151192583,0.004998250864446163,0.004452172666788101,0.0005640183808282018,0.004366304725408554,0.002465161494910717,0.0005304592777974904
143,0.0005,0.0041894350144161185,0.0036671542406535996,0.0003375321708508498,0.004213538956899328,0.0022755355638012214,0.0006717363157342684,0.004945309367030859,0.004395118448883295,0.0005695524159818888,0.00439115148037672,0.0024803518317639828,0.0005412042955867946
144,0.0005,0.004196029815936301,0.003672380109085952,0.00033956145685104663,0.004221206064085443,0.002280383756110057,0.000675730323028954,0.004866120405495167,0.004321496468037367,0.0005679203313775361,0.004353191237896681,0.0024605558719486,0.0005251258262433112
145,0.0005,0.004199823572626574,0.0036774718859776626,0.00033633371736490296,0.004203230386060961,0.0022697820455819216,0.0006839525085155318,0.004793127998709679,0.0042524393647909164,0.0005629229126498103,0.004336851183325052,0.002449887106195092,0.0005071149789728224
146,0.0005,0.00415760641303008,0.0036379350514770463,0.0003310885179319849,0.0041875728396557005,0.0022593306786461076,0.0006780520342715879,0.004852312617003918,0.004312732256948948,0.0005721750785596669,0.0043175844475626945,0.002444879850372672,0.0005060433177277446
147,0.0005,0.004186624183607888,0.0036630374544919446,0.00034086528393146843,0.004207273037527419,0.0022740691774973862,0.0006877290301242379,0.004794594831764698,0.004252979997545481,0.0005721733905375004,0.004337233956903219,0.00245470367372036,0.0005067431484349072
148,0.0005,0.0041464327404341726,0.003625677283947843,0.000328948149406753,0.004203518748585948,0.002266233473741993,0.0006750876903604848,0.004936224315315485,0.004392057657241821,0.0005699400207959116,0.0043372404761612415,0.002453590277582407,0.0005344846285879612
149,0.0005,0.004161298790294204,0.003644310058505856,0.0003253261636715704,0.004163357422115083,0.0022443417781198086,0.0006812040240215468,0.0048346566036343575,0.004293828271329403,0.0005673530395142734,0.004315229598432779,0.002441291231662035,0.0005256993463262916
150,0.0005,0.004124456565108547,0.0036062560609168358,0.0003326371048286387,0.004155183026595467,0.0022439100699225053,0.0006941853582783399,0.004849137272685766,0.004307612311094999,0.0005634092958644032,0.004343356937170029,0.002453383058309555,0.0005084857693873346
151,0.0005,0.004148793654979637,0.0036282437548589737,0.00032892537277858457,0.004169639923283594,0.0022492826677537356,0.0007069339088712663,0.004852401092648506,0.004312180448323488,0.0005618428112939,0.004300869069993496,0.002431355882436037,0.0005394964246079326
152,0.0005,0.004130954124969501,0.00361057852872359,0.0003264401647850852,0.004156373963610926,0.002241407067226577,0.0007209416985899437,0.00474651949480176,0.004210515879094601,0.000563509005587548,0.004286393988877535,0.00242495140992105,0.0005101335700601339
153,0.0005,0.004121283404907297,0.0036032296915722985,0.00032670505411053067,0.0041632661666853475,0.002244985593851599,0.0006905668772648321,0.0047764964401721954,0.004240352660417557,0.0005592701490968466,0.004283504094928503,0.002421387005597353,0.000518661574460566
154,0.0005,0.004108179036792613,0.003591692986363914,0.0003293088772026869,0.0041435769035807115,0.002236442909892743,0.0006919745355844498,0.004793141037225723,0.004253588151186705,0.0005668816738761961,0.004311621189117432,0.0024392514023929834,0.0005170254153199494
155,0.0005,0.004137889998563126,0.003622748064075781,0.00032499461431235906,0.004132615416523466,0.002228804982768438,0.000693809264694071,0.004814202897250652,0.004274918232113123,0.0005632448010146618,0.004317834507673979,0.0024405396543443203,0.0005117645487189293
156,0.0005,0.004114536152500186,0.0035987323762253303,0.00032942940502871907,0.004131065858858945,0.002230247629210731,0.000697542409481112,0.0048018693923950195,0.004261218011379242,0.0005551153444685042,0.004304597154259682,0.0024298562202602625,0.000546802009921521
157,0.0005,0.004106297708461581,0.003592584952286582,0.0003184392548350589,0.004105088362460814,0.0022117638201712806,0.0007136004435035594,0.004817764274775982,0.00427898857742548,0.000562444212846458,0.0042999014258384705,0.002431172877550125,0.000525408482644707
158,0.0005,0.0041063638229093275,0.0035928270760639974,0.00032272882157402484,0.004100894408896188,0.0022118116249117605,0.0007117446541530908,0.004803730174899101,0.004264945164322853,0.0005663085030391812,0.004268147051334381,0.0024172277189791203,0.0005533979274332523
159,0.0005,0.004124194090514619,0.003609817649998943,0.0003220438369228339,0.004114693869850811,0.0022183688544209685,0.0007070269725796043,0.004740452393889427,0.004207226447761059,0.0005570069770328701,0.004251987673342228,0.0024044972378760576,0.0005232647527009249
160,0.0005,0.004119623601342065,0.0036075690070989774,0.00033115989071799223,0.00408128467459364,0.002206222310208427,0.0007081015356390874,0.004872557241469622,0.004331728909164667,0.0005731838755309582,0.004300277680158615,0.0024367307778447866,0.0005348225240595639
161,0.0005,0.00411533230802205,0.003601261753787471,0.0003337639729376542,0.004095862574667344,0.0022148132503864728,0.0007110790652104744,0.004846849478781223,0.004305386915802956,0.0005699232569895685,0.004259359557181597,0.002414641436189413,0.0005853411857970059
162,0.0005,0.004115821883498412,0.0035986861032031967,0.00032642071559637557,0.00409944257391664,0.0022129316194937918,0.0007454941240092031,0.0048926458694040775,0.0043523116037249565,0.0005601392476819456,0.004256648477166891,0.002408393891528249,0.0005865575512871146
163,0.0005,0.004097011266512617,0.0035827436571855683,0.0003207707488058409,0.004073393897526912,0.002197082332916898,0.0007485112324262483,0.00487895030528307,0.004332281183451414,0.0005872108740732074,0.0043252077884972095,0.0024562093894928694,0.0005542698199860752
164,0.0005,0.004069031998609679,0.0035604393762077775,0.00032189983161293954,0.004059033553461133,0.0021904666629161324,0.0007049933753713852,0.004848463460803032,0.00430120388045907,0.0005818462232127786,0.004320589359849691,0.002451217733323574,0.0005701599875465035
165,0.0005,0.004064892444683967,0.0035533704050358023,0.0003259149719819162,0.004056743386338659,0.0021913291728076745,0.0007325626234878516,0.004825290758162737,0.004281378351151943,0.0005656921421177685,0.004313554149121046,0.0024396232329308987,0.0005598794668912888
166,0.0005,0.004072054640300156,0.00356192520564318,0.00031672016617624555,0.00405895091040145,0.002187835528907664,0.0007256236693202542,0.004739159718155861,0.004207773134112358,0.0005569816567003727,0.004209172446280718,0.0023830770514905453,0.000547710049431771
167,0.0005,0.004053672279235978,0.003545737399856754,0.0003108707112425626,0.0040484794018421375,0.0021796750642245795,0.0007199992078266622,0.004777936730533838,0.004241093061864376,0.0005606006016023457,0.004240230657160282,0.0024004157166928053,0.0005676032742485404
168,0.0005,0.004076200149726444,0.00356670538776644,0.0003180558273809853,0.0040501766639577256,0.0021841162449306793,0.000726714912272498,0.004773227032274008,0.004238165449351072,0.000560202868655324,0.004213250707834959,0.0023867269046604633,0.0005771618452854455
169,0.0005,0.004058516227408563,0.003548576612365881,0.0003154182470956732,0.0040299692545748,0.0021726937342888965,0.0007540088682908206,0.004801702685654163,0.004264574032276869,0.0005714878789149225,0.0042030387558043,0.002387263346463442,0.0005967570468783379
170,0.0005,0.004048791861747803,0.0035408524699452413,0.00031655262547029833,0.0040109588618054606,0.0021637557369897963,0.0007518828349533079,0.004778267350047827,0.004240735899657011,0.0005748480325564742,0.004227022174745798,0.002400935161858797,0.0005734424339607358
171,0.0005,0.004060650416909892,0.0035519373442429274,0.00031367518175582444,0.004017474359081027,0.0021655747766233034,0.0007559807783791673,0.004699485842138529,0.004163964185863733,0.0005710552795790136,0.004193580709397793,0.0023823180235922337,0.0005905773723497987
172,0.0005,0.004027094896457295,0.0035184288532165856,0.0003103075723629445,0.004004160503663009,0.0021572340289272634,0.0007721922198738335,0.004824691917747259,0.004289822652935982,0.0005573160597123206,0.004207448568195105,0.002382382284849882,0.0005839289515279233
173,0.0005,0.004035158756515248,0.003529404272292244,0.000310891018772668,0.003993222449769072,0.002152056738185852,0.0007534308644451277,0.004788341000676155,0.0042525180615484715,0.0005616401322185993,0.0041997963562607765,0.002380718244239688,0.0005967895267531276
174,0.0005,0.004045657448347677,0.0035389281104928646,0.00030747029341185266,0.003979457376836823,0.002143463853221897,0.0007803654744346545,0.004833695478737354,0.004294211510568857,0.0005647471989504993,0.0042037456296384335,0.002384246326982975,0.0006263471441343427
175,0.0005,0.004023719595527739,0.00351545976257415,0.0003070442709506863,0.003977627450893373,0.002142335880349206,0.0007979268725810166,0.0048156133852899075,0.004277561791241169,0.0005601209704764187,0.004198231268674135,0.0023791762068867683,0.0006221652147360146
176,0.0005,0.00402612593923199,0.003519336409337327,0.0003075087683802461,0.003985375477956031,0.00214644210994584,0.0007750111142159227,0.004767782520502806,0.00422964571043849,0.0005644410848617554,0.004208110272884369,0.002386275678873062,0.0006088147056289017
177,0.0005,0.004013298256653668,0.003507697920499341,0.0003087623033029628,0.003964566415279801,0.0021366643681554926,0.000782675065778593,0.00471586175262928,0.0041854227893054485,0.0005537913530133665,0.004159283824265003,0.0023565376177430153,0.0005913140485063195
178,0.0005,0.0040045744694561375,0.003501755519897729,0.000304635959709309,0.003932212609419514,0.0021184242636598837,0.0007913409224664083,0.004703612066805363,0.004166565835475922,0.000551429286133498,0.004192264284938574,0.0023718466982245445,0.0006267717108130455
179,0.0005,0.004010229613773789,0.003506754585281771,0.000304168106622871,0.003952003433960041,0.002128085766819679,0.0007785796249866826,0.004819186870008707,0.004279238171875477,0.0005642680916935205,0.004218732472509146,0.002391500398516655,0.0006164838559925556
180,0.0005,0.004020467090897905,0.0035157199963208683,0.00030167815307992026,0.003921654455949964,0.002111666315816683,0.0008241387062261666,0.004736084025353193,0.004197261296212673,0.00055681262165308,0.004199097864329815,0.0023779552429914474,0.0006323180277831852
181,0.0005,0.004006068316775227,0.0035016352930082586,0.00030058387653349053,0.003941148866989134,0.0021208663882337853,0.0008025972582139831,0.004749053157866001,0.004214825574308634,0.0005557801341637969,0.004163063131272793,0.0023594216909259558,0.0006234328029677272
182,0.0005,0.00400347812668548,0.003500318272880794,0.00030175894649514957,0.003913452134935686,0.0021076055224701234,0.0008163873235066304,0.004721648991107941,0.004186810459941626,0.0005541876889765263,0.00414411723613739,0.002349152462556958,0.000650083355139941
183,0.0005,0.004001882501646196,0.003494538586624534,0.0002985633315806878,0.00391969045264845,0.002109126889898541,0.0008551857391665429,0.004786362871527672,0.004246821627020836,0.0005587986088357866,0.004169130697846413,0.00236396468244493,0.0006674839532934129
184,0.00025,0.003973929454964884,0.003467989719099351,0.00029338885918330534,0.0039035512588275266,0.0020984700564200503,0.0008624568744089814,0.004840359557420015,0.0043046497739851475,0.0005470942705869675,0.004167241044342518,0.0023571676574647427,0.0006427605985663831
185,0.00025,0.003950066143542831,0.00344987727611841,0.00028612970954828383,0.0039038383839226465,0.0020949840782030584,0.000811920558022061,0.004731892608106136,0.004200839437544346,0.0005400428781285882,0.004116085357964039,0.0023280640598386526,0.0006544037605635822
186,0.00025,0.003954806461987005,0.003456182555687912,0.00028073211256083723,0.00388260743566576,0.002081669790216433,0.0008228990694905069,0.0047324541956186295,0.004198770970106125,0.0005412079626694322,0.004135058261454105,0.002338133053854108,0.0006605704547837377
187,0.00025,0.003924376044072551,0.0034263324746531126,0.0002845946897641486,0.0038740625900457503,0.00207932860954537,0.0008217791313433141,0.004731494467705488,0.004200153052806854,0.0005401240196079016,0.0041388594545423985,0.002339491620659828,0.0006344295106828213
188,0.00025,0.003922426495181047,0.0034234171099771704,0.00027649651156256194,0.003862932147127269,0.0020697143325950893,0.0008506656439412328,0.004681927151978016,0.004150979686528444,0.000542790163308382,0.004122632090002298,0.00233271112665534,0.0006440522847697139
189,0.00025,0.003915247377386402,0.003418866614692934,0.0002761542639602921,0.0038664799235609885,0.0020713170820156933,0.0008211732179583594,0.004661056213080883,0.004131450317800045,0.0005397256463766098,0.004105918109416962,0.0023228218778967857,0.0006504153134301305
190,0.00025,0.003939734537835199,0.0034410735015487914,0.00027766741228970666,0.0038613556437477998,0.0020695115300131783,0.0008475872966328513,0.00468786945566535,0.004155873320996761,0.000537034182343632,0.004119688645005226,0.0023283613845705986,0.0006632375298067927
191,0.00025,0.003925655144715899,0.0034301846269234487,0.00027581729404959205,0.0038495053546645014,0.0020626613144587897,0.0008293828861386075,0.004714664071798325,0.004185919649899006,0.0005370345897972584,0.004111843183636665,0.002324438886716962,0.0006385682499967515
192,0.00025,0.003913545335742272,0.00341470100619088,0.0002749287900053967,0.003858746982033029,0.0020668379050031833,0.0008547671921054837,0.004675531294196844,0.0041421386413276196,0.0005494607612490654,0.004113615490496159,0.002331538125872612,0.0006708491127938032
193,0.00025,0.003909311148569668,0.003412357116647556,0.0002775271890004199,0.003846132893796046,0.0020618300570581618,0.000845880406320114,0.0046890731900930405,0.004158086609095335,0.0005371888400986791,0.004112278576940298,0.0023247336503118277,0.0006603989168070257
194,0.00025,0.003927129155336903,0.0034295146679742083,0.000273230310404191,0.003837659945569668,0.0020554451269527833,0.0008652545322621534,0.0047334847040474415,0.00420016422867775,0.0005375309847295284,0.0041228970512747765,0.0023302140180021524,0.0006727782310917974
195,0.00025,0.00391806821163914,0.003421113381947055,0.0002753224348245179,0.00382095889240352,0.0020481406611763888,0.0008732665487952758,0.004723816178739071,0.004192262887954712,0.000537638901732862,0.004123945254832506,0.002330792136490345,0.0006539468886330724
196,0.00025,0.0039040875233482893,0.0034084861370058833,0.00027598007989877146,0.003830553335019477,0.0020532666889922268,0.0008494801054647202,0.0047491444274783134,0.0042144786566495895,0.0005428046570159495,0.004099923186004162,0.002321363892406225,0.000703929690644145
197,0.00025,0.003914643757442381,0.0034181708706363203,0.0002796050256560202,0.003825814154727129,0.0020527095973567307,0.0008593098116272749,0.004701467230916023,0.00416523264721036,0.0005476213991641998,0.004122612066566944,0.002335116732865572,0.0006921140011399984
198,0.00025,0.003917493573791787,0.0034193084457047698,0.00027398082402860984,0.00383648859469343,0.0020552346894167706,0.0008713822453731889,0.004656265489757061,0.00412512244656682,0.0005409982404671609,0.004097419790923595,0.0023192090447992086,0.0006730124587193131
199,0.00025,0.003918542167370392,0.0034197008693448933,0.0002725957938633046,0.0038324591330238405,0.0020525274646993217,0.000883357360342111,0.004705963656306267,0.004170479718595743,0.0005424287519417703,0.0041380375623703,0.0023402331862598658,0.0006743695703335106
200,0.00025,0.0039252605156850084,0.003423861894510724,0.0002676568652661564,0.003855604672483003,0.0020616307162069883,0.0008907254007030372,0.004670571535825729,0.004136126022785902,0.0005352342268452048,0.004099929239600897,0.0023175817914307117,0.0007092884043231606
201,0.00025,0.0039034100499968543,0.00340669484440294,0.0002719242701030379,0.0038223633859401124,0.0020471438221860354,0.0008728647661315003,0.004720587749034166,0.004187673795968294,0.0005401234375312924,0.004111361689865589,0.00232574250549078,0.0006776513764634728
202,0.00025,0.003926945592602951,0.0034292825074573306,0.00027257238448536033,0.003827736346608945,0.0020501543466370496,0.0008763219918322934,0.0047237868420779705,0.004190912004560232,0.0005480104591697454,0.004113133996725082,0.0023305723443627357,0.0006676055490970612
203,0.00025,0.003902574128892065,0.0034069196855280605,0.00027480424585076154,0.0037952453124946747,0.0020350247661720224,0.0008864942607162568,0.004663870204240084,0.004132443107664585,0.0005410464364103973,0.004107899498194456,0.0023244728799909353,0.0006653222371824086
204,0.00025,0.0038904043441628897,0.0033938542249503777,0.0002703235358641563,0.0038134390783737303,0.0020418813018374107,0.0008817382383179203,0.004608034156262875,0.004074205178767443,0.0005448238807730377,0.004112123046070337,0.002328473376110196,0.0006813405198045075
205,0.00025,0.0039014173624327946,0.0034077662400201643,0.00026943444508969365,0.003784641084559073,0.0020270377662278674,0.0008824359809360491,0.004637842532247305,0.004108532797545195,0.0005382607923820615,0.004078350495547056,0.002308305585756898,0.0006764842546544969
206,0.00025,0.003913984596161975,0.0034160652436637487,0.0002722972043704828,0.0038045929546283584,0.0020384451015119627,0.0009023026104657178,0.0046445331536233425,0.0041131568141281605,0.0005408856086432934,0.004094816278666258,0.0023178509436547756,0.0006780623225495219
207,0.00025,0.0038917710222209317,0.003394594161917791,0.0002693581024922317,0.003802474355325103,0.002035916226249434,0.000899935965568092,0.004739024676382542,0.004204271826893091,0.0005336846224963665,0.004104952793568373,0.0023193187080323696,0.000708889972884208
208,0.00025,0.0038982430380783257,0.0034026090046249064,0.000270644325744077,0.003796306118454198,0.0020334752404182997,0.0008893897482146731,0.004683876875787973,0.004149353597313166,0.0005392530001699924,0.004101049620658159,0.002320151310414076,0.0007049338310025632
209,0.00025,0.003889818810550543,0.0033938076576397655,0.00026743657113440563,0.003799748638890646,0.00203359259415399,0.0008929266799997708,0.004721806850284338,0.004189029801636934,0.0005311295972205698,0.0040818494744598866,0.0023064895067363977,0.0007147917640395463
210,0.00025,0.0038873547106640896,0.0033909039924081962,0.0002617309436374604,0.0037887292230965068,0.0020252300998394564,0.00091404688448839,0.004673009738326073,0.004142218269407749,0.0005347729311324656,0.004078242462128401,0.0023065076675266027,0.0006948990048840642
211,0.00025,0.003867299009946548,0.0033747453672745204,0.00026073563562677745,0.0037743139203618927,0.0020175247528793545,0.000890487173588729,0.004689543507993221,0.004153945483267307,0.0005437834770418704,0.00409686379134655,0.0023203236050903797,0.0007153345504775643
212,0.00025,0.00389661859286013,0.0034015022199317285,0.0002630680264239696,0.003781476417357849,0.002022272241798225,0.0009066201081655465,0.004683021456003189,0.004153464455157518,0.0005328576662577689,0.004088078159838915,0.0023104678839445114,0.0006746337749063969
213,0.00025,0.003874400085745956,0.0033795420614633766,0.00026688425651595453,0.0037774402284191043,0.0020221622559114306,0.0009042556982057236,0.0046987393870949745,0.004166423808783293,0.0005363852833397686,0.004087799694389105,0.002312092576175928,0.0006989724934101105
214,0.00025,0.0038840555997215554,0.003392797563849064,0.0002665362358660565,0.003758577024800523,0.002012556627969527,0.0008874667671315259,0.004672428127378225,0.004140684846788645,0.0005262094200588763,0.004071475006639957,0.0022988421842455864,0.0007197500672191381
215,0.00025,0.0038964927331237168,0.00340016012028011,0.00027132147333944017,0.0037680965396788366,0.002019708982058966,0.0009239079698986436,0.004701081197708845,0.004169002640992403,0.0005336760659702122,0.004081182647496462,0.0023074294440448284,0.0007059308118186891
216,0.00025,0.003874593019617844,0.003376974497311914,0.0002622195597215636,0.0037691236702904938,0.002015671628967003,0.0009448415618082556,0.004650291055440903,0.004116276744753122,0.0005297521129250526,0.004066727124154568,0.00229823961853981,0.0007436665473505855
217,0.000125,0.003865151734653917,0.0033714689224542396,0.0002595786613041091,0.003761409179113692,0.0020104939162939183,0.0009158396216459232,0.00466039078310132,0.004124355968087912,0.0005333859007805586,0.004105125088244677,0.0023192553780972958,0.0007218363462015986
218,0.000125,0.0038549505921109074,0.003361530026402041,0.00026189383186711954,0.0037471787829122267,0.0020045362901046568,0.0009251330502870195,0.004633564967662096,0.0040992326103150845,0.0005290844710543752,0.004080459009855986,0.0023047716822475195,0.0007337787537835538
219,0.000125,0.003860098820387712,0.003366971598834102,0.00025531583130867857,0.003738771035539242,0.0019970434383361547,0.0009371855953320634,0.004603718873113394,0.004073276650160551,0.0005264839855954051,0.004070329945534468,0.0022984070237725973,0.0007076113251969218
220,0.000125,0.0038452384790150346,0.0033556973173987444,0.00025463748506393265,0.0037319207620726625,0.0019932791288128963,0.0009088535659573027,0.004647328518331051,0.004112627822905779,0.0005300569464452565,0.004074940923601389,0.002302499022334814,0.0007420083857141435
221,0.000125,0.0038501383821825086,0.003357668792554721,0.00025368656645183865,0.003743691693726681,0.0019986891190091212,0.000927317455862436,0.004643772263079882,0.00410971837118268,0.0005315554444678128,0.004087643697857857,0.002309599658474326,0.0007213431526906788
222,0.000125,0.0038486227114226308,0.003356968465161883,0.00025603826911789056,0.0037500389891813703,0.0020030386152625236,0.0009104655411444264,0.0046939426101744175,0.004159038886427879,0.000525385607033968,0.004092556424438953,0.0023089710157364607,0.0007310934015549719
223,0.000125,0.003835568908923471,0.003347037607085357,0.00025774858009098526,0.003704060240161752,0.001980904421206507,0.0009235048460949042,0.0046143727377057076,0.0040824259631335735,0.0005290510598570108,0.004076930228620768,0.002302990760654211,0.0007134878542274237
224,0.000125,0.003844943715420169,0.003354952002870779,0.0002562496107193372,0.0037035875514074027,0.001979918579622952,0.0009400795732724107,0.004698249511420727,0.00416411692276597,0.0005312530556693673,0.004071707837283611,0.0023014803882688284,0.000738367612939328
225,0.000125,0.003825411414443917,0.0033353083154782277,0.000254677950468406,0.003710589305436248,0.001982633615394837,0.0009357636046316947,0.004658466670662165,0.004122291691601276,0.0005332935834303498,0.004059365019202232,0.00229632924310863,0.0007690894999541342
226,0.000125,0.0038231635846783817,0.00333234058636321,0.00025372219633613594,0.0037281946763679913,0.0019909584277834234,0.0009263130885827814,0.004684963263571262,0.0041502416133880615,0.0005292046698741615,0.004084913991391659,0.0023070592433214188,0.0007330981898121536
227,0.000125,0.003835578995099679,0.0033459051058339286,0.00025286323312305974,0.003710328199461027,0.0019815957072063296,0.0009335467998448967,0.004654799122363329,0.004122711718082428,0.0005275437142699957,0.004061325453221798,0.0022944347001612186,0.000732005515601486
228,0.000125,0.003842610277254418,0.0033529205105934045,0.0002547659985673836,0.003713078113736084,0.0019839220422646266,0.0009290536627442892,0.004622553009539843,0.004090751521289349,0.0005295156151987612,0.0040646931156516075,0.002297104336321354,0.0007238057442009449
229,0.000125,0.003833023384497099,0.003342016452337204,0.0002570918435880886,0.0037194912352594475,0.0019882915312244656,0.0009334857270079026,0.0046499138697981834,0.004117972683161497,0.0005261095939204097,0.004068843554705381,0.0022974766325205564,0.0007244571461342275
230,0.000125,0.003834828914043867,0.00334651835456604,0.00025237635455240833,0.003722276779714272,0.001987326565212783,0.0009084522968210129,0.004633698612451553,0.004102747421711683,0.0005250414833426476,0.004076499491930008,0.0023007704876363277,0.0007079716888256371
231,0.000125,0.0038289701693743315,0.0033430971588164116,0.0002549835476317552,0.003713116851082157,0.001984050205487966,0.0008906296916485665,0.004600818268954754,0.004070713650435209,0.0005263265338726342,0.004052901174873114,0.0022896139416843653,0.000721818651072681
232,0.000125,0.003826070678548008,0.0033364226795770794,0.00025123967594103085,0.003712088654413441,0.0019816641617793266,0.0009331522591596441,0.004647413268685341,0.004116502124816179,0.0005284466897137463,0.004053860437124968,0.0022911536507308483,0.0007268020999617875
233,0.000125,0.0038381993089835658,0.0033478207583657374,0.00025646298234989197,0.0037098905499457252,0.0019831767324641875,0.0009374318893781396,0.004669232293963432,0.00413896981626749,0.000524762668646872,0.004053742624819279,0.0022892525885254145,0.0007241235580295324
234,0.000125,0.0038229769005955474,0.003336809079167504,0.00025181968588273274,0.0037103595807770184,0.001981089629119423,0.0008994983012792726,0.004666770342737436,0.004136508796364069,0.0005237898440100253,0.004048682749271393,0.0022862362675368786,0.000730141531676054
235,0.000125,0.003821163015147,0.003333907599234717,0.00025030829973854505,0.0037128797751203708,0.001981594050208551,0.0009093655345413058,0.004593675956130028,0.0040674698539078236,0.0005224695196375251,0.004041353706270456,0.0022819116711616516,0.0006982352933846414
236,0.000125,0.003837389208442593,0.0033518882671626387,0.0002533520304043612,0.003690129623459983,0.0019717408387879202,0.000911528253478712,0.004661246668547392,0.004131177440285683,0.0005266272928565741,0.004047466907650232,0.0022870469838380814,0.000726599246263504
237,0.000125,0.0038235518173669195,0.00333603518438256,0.0002509025611021192,0.0036971308267320776,0.001974016714009083,0.0009271333757598842,0.004628663882613182,0.00409872829914093,0.0005218443693593144,0.004039113875478506,0.0022804790642112494,0.0007383967749774456
238,0.000125,0.003836645449270603,0.0033466689487172264,0.00025128746627733054,0.0036926556988453804,0.001971971569819196,0.0009558214859204925,0.004654730204492807,0.004123602528125048,0.000524606613907963,0.004054556135088205,0.0022895813453942537,0.0007321127923205495
239,0.000125,0.003831620981708774,0.0033449009320873596,0.0002554306968145999,0.003687667459495328,0.0019715490826608868,0.0009241023539390585,0.004698386415839195,0.004163397941738367,0.0005305336671881378,0.004060469567775726,0.0022955015301704407,0.0007588833686895669
240,0.000125,0.003812314167164909,0.0033265781662129056,0.0002505187626850087,0.0036850015982645115,0.0019677601699116948,0.0009218394250471882,0.004651960916817188,0.004120625555515289,0.0005269754328764975,0.004064456094056368,0.0022957157343626022,0.0007219250546768308
241,0.000125,0.0038235325798827227,0.003335967938874276,0.0002470141136959706,0.0037015424923129794,0.001974278279736184,0.0009270899404350876,0.0046555292792618275,0.00412235502153635,0.0005273587303236127,0.004054870922118425,0.002291114768013358,0.0007495130994357169
242,0.000125,0.0038173300058103455,0.0033293102328963388,0.00025234587235272235,0.003689596115086738,0.001970970994901612,0.0009382560164880405,0.0046203164383769035,0.004089453257620335,0.0005261952173896134,0.0040444256737828255,0.002285310532897711,0.0007380105671472847
243,0.000125,0.0038060867192157483,0.003321937247543468,0.0002495038278340622,0.0036727917713921536,0.0019611477902688576,0.0009191989589028704,0.004632207099348307,0.004102251958101988,0.0005251110414974391,0.0040517812594771385,0.0022884460631757975,0.0007226609741337597
244,0.000125,0.0038158772324169347,0.003328307596777523,0.0002473753083350733,0.003701000383388497,0.0019741878510325162,0.0009273203109925244,0.004655221942812204,0.004122416954487562,0.0005266687367111444,0.004035632126033306,0.0022811503149569035,0.0007657463429495692
245,0.000125,0.003827781811224174,0.0033380776055176096,0.00024779162533359065,0.003696399906338169,0.0019720957737397117,0.0009528500982914781,0.004587823990732431,0.004056741017848253,0.0005262819468043745,0.004036050755530596,0.0022811663802713156,0.0007484994712285697
246,0.000125,0.0038147234182975016,0.003327190051053835,0.0002526924785860072,0.0036790291187802546,0.001965860810206475,0.0009436116153185213,0.004648150410503149,0.004116240423172712,0.0005320923519320786,0.004034975543618202,0.0022835340350866318,0.0007520320941694081
247,0.000125,0.003812954558986168,0.0033277321836159466,0.0002551022984990425,0.0036797738707326543,0.0019674381279022562,0.0009173471929722933,0.004592522047460079,0.0040630316361784935,0.0005273626884445548,0.004029593896120787,0.0022784783504903316,0.000737949158065021
248,0.000125,0.0038104111229443007,0.0033218828349038582,0.00024709511608261197,0.003678898124950867,0.0019629966257244044,0.0009592899977026252,0.00463254377245903,0.004102719947695732,0.0005249331006780267,0.004031560383737087,0.002278246683999896,0.0007417428423650563
249,0.000125,0.003818382328224893,0.0033293131686898355,0.0002472994364218947,0.0036770826711456485,0.001962191041152414,0.0009663102189244391,0.0046182796359062195,0.004086905624717474,0.0005236660945229232,0.0040385667234659195,0.00228111632168293,0.0007515094475820661
250,0.000125,0.003794092611707558,0.003309255803883227,0.00024652160508534514,0.003668740987399508,0.0019576312952821477,0.000933104975333409,0.004609857685863972,0.004081096034497023,0.0005208377842791378,0.004024044144898653,0.002272441051900387,0.0007427335949614644
251,0.000125,0.003806356932769345,0.003320791659318856,0.00024771420737175357,0.0036760728160949983,0.001961893470589128,0.000931865266207511,0.004625510890036821,0.004093345254659653,0.0005273476126603782,0.004018702078610659,0.002273024758324027,0.0007756046252325177
252,0.000125,0.0038247040371282904,0.0033345054232321565,0.00024745695514256976,0.0036860205289827386,0.0019667387430598667,0.0009685086277266255,0.0046083140186965466,0.004077605903148651,0.0005247824010439217,0.004014148842543364,0.002269465709105134,0.000768147932831198
253,0.000125,0.003809856799275137,0.00332099114790521,0.0002500321738230452,0.003660945035044463,0.001955488567869297,0.000977679837121614,0.004627868067473173,0.004098035860806704,0.0005214704433456063,0.004028820898383856,0.00227514561265707,0.0007480269414372742
254,0.000125,0.0038081817659856706,0.003323195844907597,0.00024346073396234457,0.0036682110104880056,0.0019558358708216908,0.0009381879743916658,0.004636391531676054,0.004107717890292406,0.0005229937960393727,0.004044678062200546,0.002283836016431451,0.0007190636824816465
255,0.000125,0.0038134687140508354,0.0033261578667171414,0.00024720727478456565,0.0036863280308957634,0.001966767643015775,0.0009395732957430108,0.004634241573512554,0.004102103412151337,0.0005272554699331522,0.004034901037812233,0.0022810781374573708,0.0007592248148284853
256,0.000125,0.003806044201030949,0.0033167307832405956,0.00025029791447246533,0.00366095173040282,0.0019556248133888628,0.000981884323613633,0.004635266959667206,0.004102073144167662,0.0005269419052638113,0.004039804916828871,0.0022833733819425106,0.000765191507525742
257,0.000125,0.003811761508766694,0.003323365785276073,0.00024764734700908367,0.0036657895292462736,0.001956718452605726,0.0009705202546452886,0.004591341596096754,0.004062075633555651,0.0005201693857088685,0.004022856708616018,0.0022715129889547825,0.000749635451938957
258,6.25e-05,0.0038079156370143296,0.003321005023193314,0.0002465979773037107,0.0036522171892660674,0.001949407592850742,0.0009702914347163009,0.004616769962012768,0.004085694905370474,0.0005220386083237827,0.004026844631880522,0.002274441532790661,0.0007618676172569394
259,6.25e-05,0.0037968898319691267,0.003306839097442512,0.00024631411494004075,0.00366198217146439,0.0019541481795820035,0.000992210947690995,0.004596610553562641,0.0040678041987121105,0.0005212876130826771,0.0040243836119771,0.00227283569984138,0.0007423956994898617
260,6.25e-05,0.0037849370737649914,0.003299633311675058,0.0002448055397531226,0.0036466394558189634,0.001945722487703117,0.0009615930479237346,0.004638101905584335,0.004106214735656977,0.0005215452401898801,0.0040224576368927956,0.0022720014676451683,0.0007748701027594507
261,6.25e-05,0.0037868882122870325,0.0033031123676124565,0.0002470695527257436,0.0036488610229970233,0.0019479652850174813,0.0009418285320640594,0.004613894037902355,0.004083552863448858,0.0005202146712690592,0.0040134526789188385,0.002266833558678627,0.0007697438704781234
262,6.25e-05,0.0037979588248213837,0.0033101801651761616,0.0002445780746296029,0.0036374116978291327,0.0019409948792119469,0.0009957964813956037,0.004639144986867905,0.004109355621039867,0.0005188690265640616,0.004017315339297056,0.00226809224113822,0.0007617108640260994
263,6.25e-05,0.003793536326115204,0.003309006618364208,0.0002441064836953762,0.003636779563813494,0.0019404430398575697,0.000964410584727255,0.004654605407267809,0.004120435565710068,0.0005242325714789331,0.0040318528190255165,0.0022780427243560553,0.0007856111042201519
264,6.25e-05,0.003796630178526195,0.0033139103638282433,0.00024478620934349765,0.0036381818460499123,0.0019414840315747533,0.0009442296323513016,0.004646133631467819,0.004113973584026098,0.0005218485021032393,0.004024052992463112,0.002272950718179345,0.0007757007260806859
265,6.25e-05,0.0037859513065044955,0.0032955612999098706,0.00024130652132113158,0.003664919474223619,0.0019531130086309111,0.0009976744676613945,0.004623349756002426,0.004092069808393717,0.0005198760773055255,0.0040211970917880535,0.002270536497235298,0.0007717255502939224
266,6.25e-05,0.0037650094405383932,0.0032812739500236994,0.00024261291530030556,0.0036547589801289707,0.0019486859537717807,0.0009399832499350615,0.004615266341716051,0.004085017833858728,0.0005198448779992759,0.0040137916803359985,0.002266818191856146,0.0007688507903367281
267,6.25e-05,0.003786885063754877,0.0033014874815524833,0.00024083130496558805,0.0036141167437364606,0.0019274740243510244,0.0009990284712228753,0.004616175312548876,0.004085893277078867,0.0005195633275434375,0.004020916763693094,0.0022702401038259268,0.0007623377023264766
268,6.25e-05,0.003795146207008416,0.003309929029552767,0.0002457596230743746,0.0036404242427064684,0.0019430919481810125,0.000965987606066265,0.004630283918231726,0.004100569058209658,0.0005217213183641434,0.004017851781100035,0.002269786549732089,0.0007575731142424047
269,6.25e-05,0.0037782826628725086,0.0032972525427032847,0.0002421988678096231,0.003635046432778088,0.0019386226451969918,0.0009330558276801432,0.004618463106453419,0.004087445791810751,0.0005210933741182089,0.004006033297628164,0.0022635632194578648,0.0007830460672266781
270,6.25e-05,0.003796827992386549,0.0033134541114990786,0.000244115930843063,0.0036462062430865872,0.001945161068608729,0.000943416432326253,0.004600257147103548,0.004068382084369659,0.0005224033375270665,0.004020220134407282,0.0022713118232786655,0.0007761284941807389
271,3.125e-05,0.0037757446493026873,0.0032917821311822097,0.00024341382109914638,0.003627496828244725,0.0019354553317632243,0.0009687155896447939,0.004609514959156513,0.004079687874764204,0.0005190619849599898,0.00401504198089242,0.0022670519538223743,0.000764170428737998
272,3.125e-05,0.0037681075276305835,0.003287087646100273,0.00023932305523927138,0.0036146972330788215,0.001927010145340928,0.0009561783118825878,0.004610031843185425,0.004079708829522133,0.0005208523361943662,0.004017661325633526,0.0022692568600177765,0.0007647185702808201
273,3.125e-05,0.003784819703482961,0.0032998453152039784,0.00024042516573909007,0.003660473402892121,0.00195044925292188,0.000948845082362121,0.004624218214303255,0.004094074014574289,0.0005192930693738163,0.004013966303318739,0.0022666295990347862,0.0007681827410124242
274,3.125e-05,0.0037839188769951387,0.003299636509846234,0.0002408946775961289,0.0036358877609904646,0.0019383912079915556,0.0009660415613177577,0.004604542627930641,0.004074823576956987,0.0005195938283577561,0.004009836819022894,0.002264715265482664,0.0007677586982026696
275,3.125e-05,0.0037854022516627906,0.0032988703563847214,0.0002417811353603463,0.003633164713244299,0.0019374729280695697,0.0009903733696561628,0.004607263021171093,0.004076912999153137,0.0005212418618611991,0.004021763801574707,0.0022715027444064617,0.0007604926940985024
276,3.125e-05,0.0037804079398058997,0.003297321185195431,0.00023889951162668995,0.003621791867624382,0.0019303457102345936,0.0009701755051477458,0.00460744509473443,0.004077410791069269,0.0005192082608118653,0.004009721335023642,0.0022644647397100925,0.0007714134990237653
277,3.125e-05,0.003773113057906101,0.0032901661872372107,0.0002425392348907869,0.0036422778559177357,0.0019424085335115794,0.0009446515640253343,0.004594453144818544,0.004065653774887323,0.0005186658818274736,0.004007709212601185,0.0022631874307990074,0.0007616177317686379
278,3.125e-05,0.003783551134585124,0.003298523244897121,0.00024398766457443575,0.0036447423080048585,0.0019443649715899967,0.0009615488946059633,0.004622559994459152,0.004092695191502571,0.0005195331759750843,0.0040201181545853615,0.002269825665280223,0.0007589936722069979
279,3.125e-05,0.0037769328987197525,0.003293697708073606,0.0002391338088374755,0.00363051994505154,0.0019348268710351006,0.0009626979197418025,0.004604014568030834,0.0040747663006186485,0.0005192647222429514,0.0040082186460494995,0.0022637415677309036,0.0007649972685612738
280,3.125e-05,0.003776993697064782,0.0032947384811427235,0.00023863311244770507,0.0036215541439915673,0.0019300936314698102,0.0009623650720858295,0.004627220798283815,0.004096058197319508,0.0005195789854042232,0.004015062469989061,0.002267320640385151,0.0007769832736812532
281,3.125e-05,0.003785385531586061,0.0032985421680008548,0.00024053058808617446,0.0036390876057108648,0.0019398091046546166,0.0009888158195184042,0.004627359565347433,0.004096153657883406,0.0005180433508940041,0.004014576319605112,0.0022663099225610495,0.0007794395205564797
282,3.125e-05,0.0037839382622145154,0.003301026882263383,0.00023779032224798718,0.003637638564699041,0.0019377144656337912,0.000953684977272308,0.004615516867488623,0.004084832966327667,0.0005196484853513539,0.004006978590041399,0.002263313625007868,0.0007802110048942268
283,3.125e-05,0.003767065276027785,0.003281125628630522,0.00024010519940893018,0.003628936246377865,0.001934520704057162,0.0009903554907446813,0.004640967585146427,0.004110311158001423,0.0005190048832446337,0.004015704616904259,0.0022673546336591244,0.0007718552951700985
284,1.5625e-05,0.00377158159957395,0.00329058927360941,0.0002387376612366702,0.0036160224318258502,0.0019273800482302148,0.0009551636778943354,0.0046116565354168415,0.0040819765999913216,0.0005196747370064259,0.004015388432890177,0.0022675315849483013,0.000761739443987608
285,1.5625e-05,0.0037652373498277313,0.0032823913149195275,0.00023835094756125306,0.0036282260928227365,0.0019332885010602888,0.000961883135700154,0.004632559139281511,0.004101779777556658,0.0005194415571168065,0.004015324637293816,0.00226738303899765,0.0007730262586846948
