model,scheme,split,n_conditions,mse_all,rmse_all,pearson_all,spearman_all,pearson_delta,spearman_delta,cosine_delta,mse_de,pearson_de,spearman_de,top_20_recovery,top_50_recovery,top_100_recovery,best_alpha,validation_mse_by_alpha,best_epoch,best_validation_mse,epochs_trained,training_seconds,device,torch_version,cuda_version,n_train_active_perturbations,n_total_perturbations,best_validation_response_mse
mean_response,seen,test,236,0.0085888680946713,0.0864872639146396,0.9353583172216252,0.9197586740529065,0.4113281529625657,0.2593196495918051,0.4142218800143228,0.107883852486246,0.542163994780868,0.5382263650093823,0.3144067796610169,0.3348305084745763,0.3750423728813559,,,,,,,,,,,,
mini_vc,seen,test,236,0.003523452946880706,0.05424567624547724,0.973698083879584,0.9321907994142559,0.7454183039144945,0.4768306966225941,0.7468251962277849,0.023125588657113456,0.8639466313297971,0.8207691447110814,0.5955508474576271,0.5648305084745763,0.5596186440677967,,,280.0,,320.0,36.93428839999979,cuda,2.12.0+cu130,13.0,105.0,105.0,0.0036112451768022472
mlp,seen,test,236,0.0033479163544528,0.052647071472227,0.9750323277913918,0.926994381214893,0.76807656094937,0.4621161870230052,0.7692771685641195,0.0213301506315721,0.8914938737022675,0.8420202698235926,0.635593220338983,0.5878813559322035,0.5730508474576271,,,125.0,0.0034486416143254,155.0,7.327873599999293,cuda,2.12.0+cu130,13.0,105.0,105.0,
no_change,seen,test,236,0.0104660899148981,0.0935686041395795,0.9213518177048636,0.9167464539856218,,,,0.1462208747161331,,,,,,,,,,,,,,,,,
ridge,seen,test,236,0.0035582186389809,0.0547739252274445,0.9735118456311144,0.9306270097755984,0.764077790081501,0.4648655880373148,0.7651173863875664,0.0239897882338944,0.8870210626115234,0.8332343742848861,0.6277542372881355,0.5783898305084746,0.5653813559322034,1.0,"{'0.01': 0.0036845712456852198, '0.1': 0.0036796671338379383, '1.0': 0.003663100767880678, '10.0': 0.003962325863540173, '100.0': 0.006119270343333483}",,,,,,,,,,
mean_response,unseen_combo,test,13,0.0065260851003516,0.0784844079842934,0.9451897923762982,0.9569827094259772,0.5746101931883738,0.4678844197881181,0.5763543316951165,0.0990800155470004,0.6588628131609696,0.6938013801380136,0.3846153846153845,0.4615384615384614,0.4992307692307692,,,,,,,,,,,,
mini_vc,unseen_combo,test,13,0.0018784584177550501,0.04037031860878834,0.984681276174692,0.962555136717022,0.9142043177898114,0.7247996391925272,0.914716702241164,0.017972123665878408,0.9559687192623432,0.9167227491979968,0.7769230769230769,0.7461538461538463,0.743076923076923,,,213.0,,253.0,32.06511119999777,cuda,2.12.0+cu130,13.0,105.0,105.0,0.005623857956379652
mlp,unseen_combo,test,13,0.0017074210694632,0.0395962681907873,0.9855721868001498,0.9573016546021388,0.9187755630566524,0.6939148742207604,0.9195952048668494,0.0145895826415373,0.9658897381562452,0.9235145052966836,0.7423076923076923,0.7538461538461539,0.7523076923076922,,,203.0,0.0060333427973091,233.0,11.943191799997294,cuda,2.12.0+cu130,13.0,105.0,105.0,
no_change,unseen_combo,test,13,0.0094324439907303,0.0941855672460336,0.9209469831906832,0.9514634328529942,,,,0.1496238310176592,,,,,,,,,,,,,,,,,
ridge,unseen_combo,test,13,0.0017178064355483,0.0411307178437709,0.985537139269022,0.9676789254538464,0.9006460629976712,0.7072135055447535,0.901721064861004,0.0182498992205812,0.943243723649245,0.9104710471047104,0.7538461538461537,0.7415384615384616,0.7484615384615384,10.0,"{'0.01': 0.006333599798381329, '0.1': 0.006321834400296211, '1.0': 0.0062464503571391106, '10.0': 0.006170609034597874, '100.0': 0.007400065660476685}",,,,,,,,,,
mean_response,unseen_gene,test,27,0.010836194243489,0.0927968508115521,0.9193499794712772,0.9413501698276442,0.4675989581478966,0.4423517491741774,0.4747774260877459,0.1589019270613789,0.5119250538172545,0.5670278138925003,0.3333333333333333,0.3725925925925926,0.4518518518518518,,,,,,,,,,,,
mini_vc,unseen_gene,test,27,0.011268842978299491,0.09334103335384969,0.9170945463357149,0.9240405373330314,0.42211465744508636,0.37673507476733004,0.4242755566482191,0.1624081907104011,0.47390332845626054,0.5341071884966274,0.34074074074074073,0.4133333333333334,0.4559259259259259,,,19.0,,59.0,6.654723300001933,cuda,2.12.0+cu130,13.0,85.0,105.0,0.008330628050096107
mlp,unseen_gene,test,27,0.010875812654073,0.0914629948911843,0.9203449333155596,0.9258489136604182,0.4583858539660772,0.3881414521468941,0.4636941624184449,0.1553330394887813,0.5242948333422343,0.5552635263526352,0.3933333333333333,0.464,0.5006666666666667,,,18.0,0.0086864053525707,48.0,2.3503206000023056,cuda,2.12.0+cu130,13.0,85.0,105.0,
no_change,unseen_gene,test,27,0.0135814353901272,0.1020869498175603,0.8994736252007661,0.9338330923044954,,,,0.1991000312414986,,,,,,,,,,,,,,,,,
ridge,unseen_gene,test,27,0.0095182446659439,0.0854916584298566,0.9307584652194272,0.94454642849617,0.522389951541468,0.460256025682133,0.5268589600368783,0.1365408205806657,0.5785305105425693,0.6043417675100843,0.3962962962962962,0.4459259259259259,0.4925925925925925,10.0,"{'0.01': 0.008400584571063519, '0.1': 0.008333788253366947, '1.0': 0.007982908748090267, '10.0': 0.007792106829583645, '100.0': 0.008726034313440323}",,,,,,,,,,
