scheme,model,perturbation,centered_response_norm_ratio,response_projection_slope
unseen_combo_fold0,ridge,AHR_FEV,0.6457705886054018,0.5969873177502516
unseen_combo_fold0,ridge,BCL2L11_BAK1,0.6615811240614633,0.23380831579942082
unseen_combo_fold0,ridge,BCL2L11_TGFBR2,0.6419510380400815,0.4929815849876263
unseen_combo_fold0,ridge,BPGM_SAMD1,0.750003287004421,0.7190746652849961
unseen_combo_fold0,ridge,CDKN1B_CDKN1A,0.6911466880304953,0.6575485672962924
unseen_combo_fold0,ridge,CEBPE_CEBPA,1.0504709247574984,1.018212209860526
unseen_combo_fold0,ridge,CEBPE_PTPN12,1.144852501940049,1.0069585401062628
unseen_combo_fold0,ridge,CEBPE_RUNX1T1,1.0183574043379868,0.9744657988515297
unseen_combo_fold0,ridge,DUSP9_PRTG,0.8415409444439509,0.8124441059600871
unseen_combo_fold0,ridge,ETS2_IGDCC3,0.9555390969174273,0.8387255348808654
unseen_combo_fold0,ridge,FOXA1_FOXF1,0.8333270780315853,0.7941485644427548
unseen_combo_fold0,ridge,FOXA3_FOXL2,0.6716811404038475,0.6241029256829845
unseen_combo_fold0,ridge,IRF1_SET,0.5448092526108185,0.49760495222709455
unseen_combo_fold0,ridge,KIF18B_KIF2C,0.4973058026536517,0.2961665295211313
unseen_combo_fold0,ridge,KLF1_CEBPA,0.8022693759997275,0.7267956812446171
unseen_combo_fold0,ridge,MAP2K3_IKZF3,0.7287896916667291,0.697313548278307
unseen_combo_fold0,ridge,POU3F2_CBFA2T3,0.6609360958539118,0.5897777598369622
unseen_combo_fold0,ridge,POU3F2_FOXL2,0.6403545230429041,0.6029020251333358
unseen_combo_fold0,ridge,PRDM1_CBFA2T3,0.5103096147750534,0.45499608958467064
unseen_combo_fold0,ridge,SAMD1_PTPN12,0.806077160069404,0.7848189719429719
unseen_combo_fold0,ridge,SAMD1_TGFBR2,0.680879837987265,0.6012041017054903
unseen_combo_fold0,ridge,SET_CEBPE,1.1072301147869585,0.8985899867489954
unseen_combo_fold0,ridge,SET_KLF1,0.777716270371959,0.6914410572558405
unseen_combo_fold0,ridge,SGK1_S1PR2,0.5580842253979532,0.4957039077109664
unseen_combo_fold0,ridge,SGK1_TBX3,0.5445855567214676,0.5122311384824978
unseen_combo_fold0,ridge,TBX3_TBX2,0.657139237057982,0.6380344325211121
unseen_combo_fold0,ridge,ZBTB10_PTPN12,0.9908946637117252,0.8654763761663378
unseen_combo_fold0,mlp,AHR_FEV,0.7452855725382677,0.6769068357859581
unseen_combo_fold0,mlp,BCL2L11_BAK1,0.6379361257310296,0.21255836817788765
unseen_combo_fold0,mlp,BCL2L11_TGFBR2,0.6371321553471786,0.4987318809207657
unseen_combo_fold0,mlp,BPGM_SAMD1,0.8538382754810274,0.8131733439155152
unseen_combo_fold0,mlp,CDKN1B_CDKN1A,0.6992067832168629,0.6520925276633174
unseen_combo_fold0,mlp,CEBPE_CEBPA,1.1196867871731533,1.0839797945218475
unseen_combo_fold0,mlp,CEBPE_PTPN12,1.0267525520958567,0.9268884264084443
unseen_combo_fold0,mlp,CEBPE_RUNX1T1,1.0531924971810807,1.010363773534086
unseen_combo_fold0,mlp,DUSP9_PRTG,0.816784216391441,0.7900660629272697
unseen_combo_fold0,mlp,ETS2_IGDCC3,0.9667562571404794,0.8931163647031422
unseen_combo_fold0,mlp,FOXA1_FOXF1,0.7789966391875969,0.7278804355661939
unseen_combo_fold0,mlp,FOXA3_FOXL2,0.7204338951197332,0.6535661353306326
unseen_combo_fold0,mlp,IRF1_SET,0.814932195087701,0.7102502649738804
unseen_combo_fold0,mlp,KIF18B_KIF2C,0.49032968516439435,0.2630006433155302
unseen_combo_fold0,mlp,KLF1_CEBPA,0.9120458418605524,0.8245166838183086
unseen_combo_fold0,mlp,MAP2K3_IKZF3,0.7778736982263965,0.7429177026323521
unseen_combo_fold0,mlp,POU3F2_CBFA2T3,0.8966031308441069,0.7852938508480436
unseen_combo_fold0,mlp,POU3F2_FOXL2,0.7967404074146588,0.7411495817569325
unseen_combo_fold0,mlp,PRDM1_CBFA2T3,0.6987122543031352,0.6216930368404369
unseen_combo_fold0,mlp,SAMD1_PTPN12,0.8966284758415022,0.8652570874545881
unseen_combo_fold0,mlp,SAMD1_TGFBR2,0.72977467316219,0.6445668752619867
unseen_combo_fold0,mlp,SET_CEBPE,1.470366996318021,1.1521505301365016
unseen_combo_fold0,mlp,SET_KLF1,0.9341542241375808,0.8147458979267983
unseen_combo_fold0,mlp,SGK1_S1PR2,0.7422129884171725,0.6640511067235951
unseen_combo_fold0,mlp,SGK1_TBX3,0.9727334036636224,0.9014246214739133
unseen_combo_fold0,mlp,TBX3_TBX2,0.9000814784705925,0.8575598281684133
unseen_combo_fold0,mlp,ZBTB10_PTPN12,1.0436280776544227,0.8897209771977979
unseen_combo_fold0,mini_vc,AHR_FEV,0.7475339697046487,0.6610247458196715
unseen_combo_fold0,mini_vc,BCL2L11_BAK1,0.44076499068463204,0.19075763311264846
unseen_combo_fold0,mini_vc,BCL2L11_TGFBR2,0.6639635880668454,0.5473898223229611
unseen_combo_fold0,mini_vc,BPGM_SAMD1,0.8441025493167987,0.7896916535585708
unseen_combo_fold0,mini_vc,CDKN1B_CDKN1A,0.8572051229780998,0.8045297967073473
unseen_combo_fold0,mini_vc,CEBPE_CEBPA,1.0676376176841815,1.03288529123159
unseen_combo_fold0,mini_vc,CEBPE_PTPN12,1.12430532427841,1.0133654395527276
unseen_combo_fold0,mini_vc,CEBPE_RUNX1T1,1.5896061463103395,1.4888653258267524
unseen_combo_fold0,mini_vc,DUSP9_PRTG,0.8878795376378419,0.8575275956978138
unseen_combo_fold0,mini_vc,ETS2_IGDCC3,0.8784914753359597,0.8158956358117873
unseen_combo_fold0,mini_vc,FOXA1_FOXF1,0.8388801185091803,0.7939325202296872
unseen_combo_fold0,mini_vc,FOXA3_FOXL2,0.7298505889114434,0.6803493372405878
unseen_combo_fold0,mini_vc,IRF1_SET,0.7558976602032957,0.6623671385418836
unseen_combo_fold0,mini_vc,KIF18B_KIF2C,0.7468941127341312,0.4220762900308754
unseen_combo_fold0,mini_vc,KLF1_CEBPA,0.9872594290590809,0.9485432417131585
unseen_combo_fold0,mini_vc,MAP2K3_IKZF3,0.9766934825057725,0.9336208403557787
unseen_combo_fold0,mini_vc,POU3F2_CBFA2T3,1.066026996455543,0.9122890086561023
unseen_combo_fold0,mini_vc,POU3F2_FOXL2,0.7309058650868686,0.6808529702405568
unseen_combo_fold0,mini_vc,PRDM1_CBFA2T3,0.9155673872158879,0.8222814274921797
unseen_combo_fold0,mini_vc,SAMD1_PTPN12,0.8816600099924565,0.8520629761357174
unseen_combo_fold0,mini_vc,SAMD1_TGFBR2,0.8244276724093047,0.7234488518330449
unseen_combo_fold0,mini_vc,SET_CEBPE,1.0327737958404766,0.8689883158771161
unseen_combo_fold0,mini_vc,SET_KLF1,0.5539948644528101,0.42939373771163036
unseen_combo_fold0,mini_vc,SGK1_S1PR2,0.9305096837599058,0.7890544734946185
unseen_combo_fold0,mini_vc,SGK1_TBX3,0.942809906320871,0.8602548227883227
unseen_combo_fold0,mini_vc,TBX3_TBX2,0.8422438286169538,0.8084877365503663
unseen_combo_fold0,mini_vc,ZBTB10_PTPN12,0.8089356553989043,0.6841775592931222
unseen_combo_fold0,scgpt_frozen,AHR_FEV,0.9022848633348247,0.8053335826409974
unseen_combo_fold0,scgpt_frozen,BCL2L11_BAK1,0.7939986827036399,0.2638614051523382
unseen_combo_fold0,scgpt_frozen,BCL2L11_TGFBR2,0.7792578930744727,0.570205337324985
unseen_combo_fold0,scgpt_frozen,BPGM_SAMD1,0.8673340625881106,0.8056913003844286
unseen_combo_fold0,scgpt_frozen,CDKN1B_CDKN1A,0.8788558490018544,0.804992104094717
unseen_combo_fold0,scgpt_frozen,CEBPE_CEBPA,1.2231694683402785,1.1715728856631182
unseen_combo_fold0,scgpt_frozen,CEBPE_PTPN12,0.8955253563585255,0.799869387039006
unseen_combo_fold0,scgpt_frozen,CEBPE_RUNX1T1,0.8556330791987339,0.7874964676993267
unseen_combo_fold0,scgpt_frozen,DUSP9_PRTG,1.0322677720584674,0.9919415965303627
unseen_combo_fold0,scgpt_frozen,ETS2_IGDCC3,0.9102645849308081,0.8270764055527355
unseen_combo_fold0,scgpt_frozen,FOXA1_FOXF1,0.8644699038876966,0.8118526747698361
unseen_combo_fold0,scgpt_frozen,FOXA3_FOXL2,0.6753104775237058,0.6223771358506336
unseen_combo_fold0,scgpt_frozen,IRF1_SET,0.9164179195970148,0.7765651791671444
unseen_combo_fold0,scgpt_frozen,KIF18B_KIF2C,0.8566113406537681,0.44325849083507973
unseen_combo_fold0,scgpt_frozen,KLF1_CEBPA,0.7795855790069994,0.7172531753952586
unseen_combo_fold0,scgpt_frozen,MAP2K3_IKZF3,0.9444242203278289,0.8999795462232748
unseen_combo_fold0,scgpt_frozen,POU3F2_CBFA2T3,0.9245813594724903,0.7804611038321523
unseen_combo_fold0,scgpt_frozen,POU3F2_FOXL2,0.7899884525798222,0.7287285551075392
unseen_combo_fold0,scgpt_frozen,PRDM1_CBFA2T3,0.7968118862439763,0.6885598148279889
unseen_combo_fold0,scgpt_frozen,SAMD1_PTPN12,0.8904576926913488,0.8562720920974141
unseen_combo_fold0,scgpt_frozen,SAMD1_TGFBR2,0.8117812073687343,0.7007386047626476
unseen_combo_fold0,scgpt_frozen,SET_CEBPE,1.2260892307178515,1.056562466250237
unseen_combo_fold0,scgpt_frozen,SET_KLF1,0.8665357893257867,0.7306799792869696
unseen_combo_fold0,scgpt_frozen,SGK1_S1PR2,0.8218484221780357,0.6646065179572577
unseen_combo_fold0,scgpt_frozen,SGK1_TBX3,0.8289414404366139,0.752050947466354
unseen_combo_fold0,scgpt_frozen,TBX3_TBX2,1.224655103239201,1.124337271691564
unseen_combo_fold0,scgpt_frozen,ZBTB10_PTPN12,1.1097006486037264,0.9603679850404542
unseen_combo_fold0,scgpt_finetuned,AHR_FEV,0.8901930146761586,0.7961231650335379
unseen_combo_fold0,scgpt_finetuned,BCL2L11_BAK1,0.7579697373702491,0.2663458957549659
unseen_combo_fold0,scgpt_finetuned,BCL2L11_TGFBR2,0.7957327870495213,0.5979357042020877
unseen_combo_fold0,scgpt_finetuned,BPGM_SAMD1,0.871935313276604,0.8105450135394235
unseen_combo_fold0,scgpt_finetuned,CDKN1B_CDKN1A,0.8745345194198222,0.8038666798289337
unseen_combo_fold0,scgpt_finetuned,CEBPE_CEBPA,1.2265514165791216,1.18073326332604
unseen_combo_fold0,scgpt_finetuned,CEBPE_PTPN12,0.9107815618185485,0.8098417312912273
unseen_combo_fold0,scgpt_finetuned,CEBPE_RUNX1T1,0.8892494080988007,0.8405380737764384
unseen_combo_fold0,scgpt_finetuned,DUSP9_PRTG,1.003765158894535,0.9647371829471519
unseen_combo_fold0,scgpt_finetuned,ETS2_IGDCC3,0.9173153716519843,0.8334900486404337
unseen_combo_fold0,scgpt_finetuned,FOXA1_FOXF1,0.8761220358671825,0.8259317108868585
unseen_combo_fold0,scgpt_finetuned,FOXA3_FOXL2,0.6860876200996612,0.6338971845273685
unseen_combo_fold0,scgpt_finetuned,IRF1_SET,0.885639651137392,0.7672034481888057
unseen_combo_fold0,scgpt_finetuned,KIF18B_KIF2C,0.8384128461165902,0.4409794968050052
unseen_combo_fold0,scgpt_finetuned,KLF1_CEBPA,0.7816175950862688,0.7232490847651811
unseen_combo_fold0,scgpt_finetuned,MAP2K3_IKZF3,0.9297625617428615,0.886615926205786
unseen_combo_fold0,scgpt_finetuned,POU3F2_CBFA2T3,0.9364819215639248,0.7974834463585526
unseen_combo_fold0,scgpt_finetuned,POU3F2_FOXL2,0.7900996729191643,0.7296393747377486
unseen_combo_fold0,scgpt_finetuned,PRDM1_CBFA2T3,0.8443858296209136,0.7342984281853566
unseen_combo_fold0,scgpt_finetuned,SAMD1_PTPN12,0.8772887677825485,0.845340005773218
unseen_combo_fold0,scgpt_finetuned,SAMD1_TGFBR2,0.8139887793293249,0.7018066630565096
unseen_combo_fold0,scgpt_finetuned,SET_CEBPE,1.2316255890207748,1.0501953905396546
unseen_combo_fold0,scgpt_finetuned,SET_KLF1,0.8613027502588538,0.7133608148839028
unseen_combo_fold0,scgpt_finetuned,SGK1_S1PR2,0.8271389840213851,0.6657324025671081
unseen_combo_fold0,scgpt_finetuned,SGK1_TBX3,0.8252849311595619,0.7501483328255886
unseen_combo_fold0,scgpt_finetuned,TBX3_TBX2,1.1825485547695114,1.1013738626543808
unseen_combo_fold0,scgpt_finetuned,ZBTB10_PTPN12,1.0737926154502517,0.9325903732846186
unseen_combo_fold1,ridge,BPGM_ZBTB1,1.068935740642102,1.0305309760753267
unseen_combo_fold1,ridge,CBL_CNN1,0.8206715630252709,0.7920511002975192
unseen_combo_fold1,ridge,CBL_PTPN12,0.9549402381931874,0.9206193499438025
unseen_combo_fold1,ridge,CEBPB_OSR2,0.9223078057098956,0.8589751988017944
unseen_combo_fold1,ridge,CEBPE_CEBPB,0.809832245804693,0.7379386063769207
unseen_combo_fold1,ridge,CEBPE_SPI1,0.6399805206626962,0.585125700185195
unseen_combo_fold1,ridge,CNN1_MAPK1,1.0202979224467814,0.8740759036464051
unseen_combo_fold1,ridge,CNN1_UBASH3A,0.6960895970218719,0.6582071421263572
unseen_combo_fold1,ridge,ETS2_IKZF3,0.871965727713111,0.8543759372768444
unseen_combo_fold1,ridge,FOSB_CEBPB,0.7405054910861484,0.6634353354644996
unseen_combo_fold1,ridge,FOSB_CEBPE,0.7079532035259201,0.6420033263512468
unseen_combo_fold1,ridge,FOSB_UBASH3B,1.2777816741470966,1.0105773981805
unseen_combo_fold1,ridge,FOXF1_HOXB9,0.9570367520088265,0.8980554926476012
unseen_combo_fold1,ridge,JUN_CEBPA,0.8727817310746561,0.8044461603311296
unseen_combo_fold1,ridge,KLF1_COL2A1,0.948083089324528,0.8246009566860626
unseen_combo_fold1,ridge,KLF1_FOXA1,0.9444892358065479,0.8340363879377549
unseen_combo_fold1,ridge,KLF1_TGFBR2,0.8964928552638319,0.8662023818597214
unseen_combo_fold1,ridge,MAP2K3_ELMSAN1,0.8471659894390716,0.7626283464889442
unseen_combo_fold1,ridge,MAP2K3_MAP2K6,1.507301976451541,1.2408585782141888
unseen_combo_fold1,ridge,MAP2K3_SLC38A2,1.1556248766499135,0.9313965532572694
unseen_combo_fold1,ridge,MAPK1_PRTG,1.0734173970292835,0.934830302398107
unseen_combo_fold1,ridge,PLK4_STIL,0.5979757235311095,0.36269232200630147
unseen_combo_fold1,ridge,PTPN12_PTPN9,0.8702879074610277,0.8269180070978025
unseen_combo_fold1,ridge,UBASH3B_PTPN12,0.9114608644117939,0.8719505113880541
unseen_combo_fold1,ridge,UBASH3B_UBASH3A,1.4540757470653978,1.3315311230522233
unseen_combo_fold1,ridge,ZC3HAV1_CEBPA,0.8737494313834128,0.8252919076417233
unseen_combo_fold1,mlp,BPGM_ZBTB1,0.8733320233330498,0.8315871275044431
unseen_combo_fold1,mlp,CBL_CNN1,0.7702120485501174,0.7473987024479855
unseen_combo_fold1,mlp,CBL_PTPN12,0.7929660809884289,0.7670132619105546
unseen_combo_fold1,mlp,CEBPB_OSR2,0.9461238825097537,0.9034784506340493
unseen_combo_fold1,mlp,CEBPE_CEBPB,0.9612045794012838,0.9011510059077087
unseen_combo_fold1,mlp,CEBPE_SPI1,0.7224036802741763,0.6790508546362174
unseen_combo_fold1,mlp,CNN1_MAPK1,0.9039066218898066,0.8387949167517413
unseen_combo_fold1,mlp,CNN1_UBASH3A,0.6088700306004324,0.563374455806966
unseen_combo_fold1,mlp,ETS2_IKZF3,0.8078794449871651,0.7911846371166311
unseen_combo_fold1,mlp,FOSB_CEBPB,0.8290718483120735,0.7550045130168116
unseen_combo_fold1,mlp,FOSB_CEBPE,0.8188329198512043,0.7745416808383085
unseen_combo_fold1,mlp,FOSB_UBASH3B,1.0743297524117892,0.9044711552147273
unseen_combo_fold1,mlp,FOXF1_HOXB9,0.9401802903874927,0.8741782291456508
unseen_combo_fold1,mlp,JUN_CEBPA,0.8166721644443736,0.7613878312727898
unseen_combo_fold1,mlp,KLF1_COL2A1,0.8320481250785526,0.6571684517798158
unseen_combo_fold1,mlp,KLF1_FOXA1,0.8263044693208298,0.6929001260949745
unseen_combo_fold1,mlp,KLF1_TGFBR2,0.8490786216843363,0.8180925615833627
unseen_combo_fold1,mlp,MAP2K3_ELMSAN1,0.7402862626633938,0.6210958798385529
unseen_combo_fold1,mlp,MAP2K3_MAP2K6,1.0956105307311819,0.7990503623216343
unseen_combo_fold1,mlp,MAP2K3_SLC38A2,0.7120415828192016,0.5392532663499748
unseen_combo_fold1,mlp,MAPK1_PRTG,0.8933201354288717,0.8071237964645392
unseen_combo_fold1,mlp,PLK4_STIL,0.41630565325005897,0.30664028005267524
unseen_combo_fold1,mlp,PTPN12_PTPN9,0.7357110933661151,0.7102367916308703
unseen_combo_fold1,mlp,UBASH3B_PTPN12,0.7570429699915442,0.7311551151546201
unseen_combo_fold1,mlp,UBASH3B_UBASH3A,1.2367031840313998,1.1420643168425104
unseen_combo_fold1,mlp,ZC3HAV1_CEBPA,0.7643990267568705,0.7226883761041428
unseen_combo_fold1,mini_vc,BPGM_ZBTB1,0.9968864520193098,0.9271654956780292
unseen_combo_fold1,mini_vc,CBL_CNN1,0.9602937642733155,0.9363872591336051
unseen_combo_fold1,mini_vc,CBL_PTPN12,1.076684113299906,1.0496870913818985
unseen_combo_fold1,mini_vc,CEBPB_OSR2,0.9205335914896144,0.8769671783125071
unseen_combo_fold1,mini_vc,CEBPE_CEBPB,0.9146011159439095,0.8669710817704379
unseen_combo_fold1,mini_vc,CEBPE_SPI1,0.7038208605979313,0.6738898752003016
unseen_combo_fold1,mini_vc,CNN1_MAPK1,0.8514409149190069,0.779897559175756
unseen_combo_fold1,mini_vc,CNN1_UBASH3A,0.9512900717539675,0.9063337725272553
unseen_combo_fold1,mini_vc,ETS2_IKZF3,0.9315002718198885,0.9156487229302792
unseen_combo_fold1,mini_vc,FOSB_CEBPB,0.8551205793399141,0.8038307994477251
unseen_combo_fold1,mini_vc,FOSB_CEBPE,0.9437916587370473,0.9094290892279999
unseen_combo_fold1,mini_vc,FOSB_UBASH3B,0.6665399303859801,0.5046650817190277
unseen_combo_fold1,mini_vc,FOXF1_HOXB9,0.9364484393281681,0.8649573291830379
unseen_combo_fold1,mini_vc,JUN_CEBPA,0.8823983262311533,0.8365351020933001
unseen_combo_fold1,mini_vc,KLF1_COL2A1,0.7645032664927175,0.4797738346506882
unseen_combo_fold1,mini_vc,KLF1_FOXA1,0.8947339949105168,0.6698302684822017
unseen_combo_fold1,mini_vc,KLF1_TGFBR2,0.9403259533803826,0.90782422061755
unseen_combo_fold1,mini_vc,MAP2K3_ELMSAN1,0.7769843339894625,0.6157581060423853
unseen_combo_fold1,mini_vc,MAP2K3_MAP2K6,0.9508180550197886,0.7188229697013767
unseen_combo_fold1,mini_vc,MAP2K3_SLC38A2,0.7797134647221254,0.6130462217252728
unseen_combo_fold1,mini_vc,MAPK1_PRTG,0.9150555245034026,0.8399129966558637
unseen_combo_fold1,mini_vc,PLK4_STIL,0.6151089665080833,0.4786252468194718
unseen_combo_fold1,mini_vc,PTPN12_PTPN9,0.9185208472734081,0.8902686350921313
unseen_combo_fold1,mini_vc,UBASH3B_PTPN12,1.0417664594262117,1.0196297286248257
unseen_combo_fold1,mini_vc,UBASH3B_UBASH3A,1.821361268861167,1.6899056303381765
unseen_combo_fold1,mini_vc,ZC3HAV1_CEBPA,1.0308841207453407,0.9796638907965199
unseen_combo_fold1,scgpt_frozen,BPGM_ZBTB1,0.9429414226613004,0.8843833254048848
unseen_combo_fold1,scgpt_frozen,CBL_CNN1,0.9602300102506449,0.9333148383710455
unseen_combo_fold1,scgpt_frozen,CBL_PTPN12,1.0055242615094941,0.9790764322361385
unseen_combo_fold1,scgpt_frozen,CEBPB_OSR2,1.0558867250772908,0.9910525744716134
unseen_combo_fold1,scgpt_frozen,CEBPE_CEBPB,0.7739805636633226,0.7019343929394255
unseen_combo_fold1,scgpt_frozen,CEBPE_SPI1,0.578645319216374,0.5344573537850148
unseen_combo_fold1,scgpt_frozen,CNN1_MAPK1,0.9152216912576717,0.8264296906952753
unseen_combo_fold1,scgpt_frozen,CNN1_UBASH3A,0.992858447087916,0.9474470424592368
unseen_combo_fold1,scgpt_frozen,ETS2_IKZF3,0.882067671171472,0.8673008885554894
unseen_combo_fold1,scgpt_frozen,FOSB_CEBPB,0.7656581140302555,0.6809678620052647
unseen_combo_fold1,scgpt_frozen,FOSB_CEBPE,0.6858773351650213,0.6370303095651151
unseen_combo_fold1,scgpt_frozen,FOSB_UBASH3B,0.9036971440947167,0.7155456176117911
unseen_combo_fold1,scgpt_frozen,FOXF1_HOXB9,0.9037373610500313,0.8378117301865946
unseen_combo_fold1,scgpt_frozen,JUN_CEBPA,0.9498363752072289,0.8940805874593515
unseen_combo_fold1,scgpt_frozen,KLF1_COL2A1,0.8664565499847955,0.7244911423149989
unseen_combo_fold1,scgpt_frozen,KLF1_FOXA1,0.8979272691007114,0.7633611262872404
unseen_combo_fold1,scgpt_frozen,KLF1_TGFBR2,0.9646485714039693,0.928465365290439
unseen_combo_fold1,scgpt_frozen,MAP2K3_ELMSAN1,0.871329307764463,0.7106593773104357
unseen_combo_fold1,scgpt_frozen,MAP2K3_MAP2K6,1.3016150244395808,0.9841270541047544
unseen_combo_fold1,scgpt_frozen,MAP2K3_SLC38A2,1.1157801551006985,0.8492672786262995
unseen_combo_fold1,scgpt_frozen,MAPK1_PRTG,0.826404140202522,0.744641690474452
unseen_combo_fold1,scgpt_frozen,PLK4_STIL,0.5484742544062678,0.39790396041702053
unseen_combo_fold1,scgpt_frozen,PTPN12_PTPN9,0.8918833191095678,0.8602570361083656
unseen_combo_fold1,scgpt_frozen,UBASH3B_PTPN12,0.9716134530439985,0.945217712398046
unseen_combo_fold1,scgpt_frozen,UBASH3B_UBASH3A,1.6983029810219157,1.5452448676987032
unseen_combo_fold1,scgpt_frozen,ZC3HAV1_CEBPA,0.8540400920766141,0.8102652557463591
unseen_combo_fold1,scgpt_finetuned,BPGM_ZBTB1,0.9600588832809427,0.8957301801535016
unseen_combo_fold1,scgpt_finetuned,CBL_CNN1,0.9712096562290279,0.9421351587136766
unseen_combo_fold1,scgpt_finetuned,CBL_PTPN12,1.0228704863746154,0.9943275429436239
unseen_combo_fold1,scgpt_finetuned,CEBPB_OSR2,1.010014260677949,0.9492703546304802
unseen_combo_fold1,scgpt_finetuned,CEBPE_CEBPB,0.7794563246826911,0.7165877369038784
unseen_combo_fold1,scgpt_finetuned,CEBPE_SPI1,0.5495156814038779,0.5108907032725784
unseen_combo_fold1,scgpt_finetuned,CNN1_MAPK1,0.892878714392411,0.7935423965899336
unseen_combo_fold1,scgpt_finetuned,CNN1_UBASH3A,0.9373093273334114,0.894027752840525
unseen_combo_fold1,scgpt_finetuned,ETS2_IKZF3,0.9091320286732624,0.8932558246630311
unseen_combo_fold1,scgpt_finetuned,FOSB_CEBPB,0.765097944984129,0.6906202760491024
unseen_combo_fold1,scgpt_finetuned,FOSB_CEBPE,0.6761784173368364,0.6335321838207452
unseen_combo_fold1,scgpt_finetuned,FOSB_UBASH3B,0.8785934442853567,0.6598993468947505
unseen_combo_fold1,scgpt_finetuned,FOXF1_HOXB9,0.9436693088693779,0.8731320407465717
unseen_combo_fold1,scgpt_finetuned,JUN_CEBPA,0.9302393058068644,0.872936512019591
unseen_combo_fold1,scgpt_finetuned,KLF1_COL2A1,0.8437287875606929,0.6944924226948423
unseen_combo_fold1,scgpt_finetuned,KLF1_FOXA1,0.9219181713949398,0.7746274915300606
unseen_combo_fold1,scgpt_finetuned,KLF1_TGFBR2,0.9877305224868138,0.9466888598827211
unseen_combo_fold1,scgpt_finetuned,MAP2K3_ELMSAN1,0.8979461258101241,0.7102764943678931
unseen_combo_fold1,scgpt_finetuned,MAP2K3_MAP2K6,1.3112229321077151,0.9446017101365871
unseen_combo_fold1,scgpt_finetuned,MAP2K3_SLC38A2,1.0684486093377603,0.7779501101660528
unseen_combo_fold1,scgpt_finetuned,MAPK1_PRTG,0.833899955182164,0.7460240191776794
unseen_combo_fold1,scgpt_finetuned,PLK4_STIL,0.5543646840542469,0.41336564076922133
unseen_combo_fold1,scgpt_finetuned,PTPN12_PTPN9,0.8639974579188073,0.8319357012258828
unseen_combo_fold1,scgpt_finetuned,UBASH3B_PTPN12,0.9647201190173752,0.9356714919153307
unseen_combo_fold1,scgpt_finetuned,UBASH3B_UBASH3A,1.6282410110259795,1.4850603866624918
unseen_combo_fold1,scgpt_finetuned,ZC3HAV1_CEBPA,0.8159883211762325,0.7693921294856131
unseen_combo_fold2,ridge,AHR_KLF1,1.08746329201049,0.9700947839670396
unseen_combo_fold2,ridge,CBL_TGFBR2,1.0406261190801527,0.9743760143852161
unseen_combo_fold2,ridge,CEBPB_MAPK1,1.030293075082032,0.9760317809141293
unseen_combo_fold2,ridge,DUSP9_ETS2,0.9139020469852355,0.7890730647818174
unseen_combo_fold2,ridge,ETS2_MAP7D1,0.6781833977972198,0.6133840862470964
unseen_combo_fold2,ridge,ETS2_MAPK1,0.8718265265788168,0.786916368529806
unseen_combo_fold2,ridge,FEV_CBFA2T3,0.7129782394379439,0.6545150964782293
unseen_combo_fold2,ridge,FOXA1_FOXL2,1.0433553215451385,0.9906717057515333
unseen_combo_fold2,ridge,FOXA3_FOXF1,1.0887365920203842,1.0014769358400022
unseen_combo_fold2,ridge,IGDCC3_PRTG,1.3541017996249236,1.2419591748806669
unseen_combo_fold2,ridge,KLF1_BAK1,0.8780264358698419,0.8411951431029601
unseen_combo_fold2,ridge,KLF1_CLDN6,0.9740452113040196,0.9063874383553819
unseen_combo_fold2,ridge,LHX1_ELMSAN1,0.8423824977347779,0.7566964684027901
unseen_combo_fold2,ridge,LYL1_IER5L,0.8577912871977871,0.731517174677719
unseen_combo_fold2,ridge,MAP2K6_ELMSAN1,1.0695452352756876,0.9836304216042479
unseen_combo_fold2,ridge,MAP2K6_IKZF3,0.9932375981608761,0.9666764597288954
unseen_combo_fold2,ridge,MAP2K6_SPI1,1.7380529589115021,1.3446778239571788
unseen_combo_fold2,ridge,MAPK1_IKZF3,0.9946305086683784,0.9540406913982402
unseen_combo_fold2,ridge,PTPN12_OSR2,1.4481919311584481,0.972091478534007
unseen_combo_fold2,ridge,PTPN12_SNAI1,1.1696361794916799,0.9888963535797531
unseen_combo_fold2,ridge,PTPN12_UBASH3A,0.6855664851851733,0.6555226416600077
unseen_combo_fold2,ridge,TGFBR2_PRTG,1.029682804260819,0.9791941980007128
unseen_combo_fold2,ridge,UBASH3B_CNN1,0.7773352803284187,0.7584130089793836
unseen_combo_fold2,ridge,UBASH3B_OSR2,1.6201447914726796,1.0456461086780051
unseen_combo_fold2,ridge,ZBTB10_ELMSAN1,0.7834283766423752,0.7066557799011282
unseen_combo_fold2,ridge,ZBTB10_SNAI1,0.9851707096611257,0.899471150570578
unseen_combo_fold2,mlp,AHR_KLF1,0.9105894639897112,0.823362428513328
unseen_combo_fold2,mlp,CBL_TGFBR2,0.8628236533431558,0.799548295608081
unseen_combo_fold2,mlp,CEBPB_MAPK1,0.9788172072847807,0.9426261286076746
unseen_combo_fold2,mlp,DUSP9_ETS2,0.8428760437831536,0.7786412861871586
unseen_combo_fold2,mlp,ETS2_MAP7D1,0.620801442438273,0.5476131492991773
unseen_combo_fold2,mlp,ETS2_MAPK1,0.8552369553209512,0.8190394690980464
unseen_combo_fold2,mlp,FEV_CBFA2T3,0.7210295852279922,0.6278222239187773
unseen_combo_fold2,mlp,FOXA1_FOXL2,0.9729436720500875,0.9167895923061917
unseen_combo_fold2,mlp,FOXA3_FOXF1,0.960943558429869,0.8862191387096051
unseen_combo_fold2,mlp,IGDCC3_PRTG,1.0015305391252958,0.9258383918310509
unseen_combo_fold2,mlp,KLF1_BAK1,0.7806462599816458,0.7270495598527591
unseen_combo_fold2,mlp,KLF1_CLDN6,0.8379985528797887,0.7510950487826652
unseen_combo_fold2,mlp,LHX1_ELMSAN1,0.6624170942773608,0.5494860653227193
unseen_combo_fold2,mlp,LYL1_IER5L,0.7699957706154723,0.6739575143047882
unseen_combo_fold2,mlp,MAP2K6_ELMSAN1,0.7987983882863482,0.702936516401367
unseen_combo_fold2,mlp,MAP2K6_IKZF3,0.8984319381199307,0.8694533349717729
unseen_combo_fold2,mlp,MAP2K6_SPI1,1.015831122596655,0.8122116362566106
unseen_combo_fold2,mlp,MAPK1_IKZF3,1.0028262994407475,0.9591047010838608
unseen_combo_fold2,mlp,PTPN12_OSR2,1.0079734928054196,0.6672382004082947
unseen_combo_fold2,mlp,PTPN12_SNAI1,0.9124032209642601,0.762725901333715
unseen_combo_fold2,mlp,PTPN12_UBASH3A,0.6261126355229633,0.6004227273357198
unseen_combo_fold2,mlp,TGFBR2_PRTG,0.9581481833652831,0.9124311353007106
unseen_combo_fold2,mlp,UBASH3B_CNN1,0.7355910260737097,0.7136852225996646
unseen_combo_fold2,mlp,UBASH3B_OSR2,1.1124009182199364,0.7869987473025598
unseen_combo_fold2,mlp,ZBTB10_ELMSAN1,0.5284477979474982,0.45701931412870267
unseen_combo_fold2,mlp,ZBTB10_SNAI1,0.9352993669488556,0.8554854336060851
unseen_combo_fold2,mini_vc,AHR_KLF1,1.0947567841222452,0.940849098922042
unseen_combo_fold2,mini_vc,CBL_TGFBR2,0.8445682817285866,0.7966583949096923
unseen_combo_fold2,mini_vc,CEBPB_MAPK1,0.8868077491803692,0.832096352367313
unseen_combo_fold2,mini_vc,DUSP9_ETS2,0.7996356289957448,0.7365393392718815
unseen_combo_fold2,mini_vc,ETS2_MAP7D1,0.6885095583753719,0.5947896144484117
unseen_combo_fold2,mini_vc,ETS2_MAPK1,0.7008679510991211,0.6553947823949012
unseen_combo_fold2,mini_vc,FEV_CBFA2T3,0.718185757351143,0.6034007342250807
unseen_combo_fold2,mini_vc,FOXA1_FOXL2,1.0106066092788772,0.9451519871867806
unseen_combo_fold2,mini_vc,FOXA3_FOXF1,1.0360750956185214,0.9292465084412533
unseen_combo_fold2,mini_vc,IGDCC3_PRTG,1.0748956808801051,0.982159406155404
unseen_combo_fold2,mini_vc,KLF1_BAK1,0.8806760419661114,0.8265078094114191
unseen_combo_fold2,mini_vc,KLF1_CLDN6,0.9411404240372816,0.821029022542129
unseen_combo_fold2,mini_vc,LHX1_ELMSAN1,0.6011470151575942,0.389577661697368
unseen_combo_fold2,mini_vc,LYL1_IER5L,0.6930463087117138,0.5495054067671736
unseen_combo_fold2,mini_vc,MAP2K6_ELMSAN1,0.7184572964887473,0.6073782087452312
unseen_combo_fold2,mini_vc,MAP2K6_IKZF3,1.016839485247136,0.988951209320086
unseen_combo_fold2,mini_vc,MAP2K6_SPI1,0.7446089403578459,0.584157988679888
unseen_combo_fold2,mini_vc,MAPK1_IKZF3,1.0329081618029932,0.9659080517747762
unseen_combo_fold2,mini_vc,PTPN12_OSR2,0.7866043326582941,0.4477490634255899
unseen_combo_fold2,mini_vc,PTPN12_SNAI1,0.7242385054405481,0.5004831291307442
unseen_combo_fold2,mini_vc,PTPN12_UBASH3A,0.6869216227808245,0.666220376447528
unseen_combo_fold2,mini_vc,TGFBR2_PRTG,0.9521833070662866,0.8901486140022277
unseen_combo_fold2,mini_vc,UBASH3B_CNN1,0.9774233414084922,0.9480975746045422
unseen_combo_fold2,mini_vc,UBASH3B_OSR2,1.0882770993566437,0.7903013287613992
unseen_combo_fold2,mini_vc,ZBTB10_ELMSAN1,0.4790813335440133,0.36168728474574874
unseen_combo_fold2,mini_vc,ZBTB10_SNAI1,0.7801548492033801,0.6999399137193021
unseen_combo_fold2,scgpt_frozen,AHR_KLF1,1.0206877445471005,0.9145724030126166
unseen_combo_fold2,scgpt_frozen,CBL_TGFBR2,1.0050124284631723,0.9437398215528964
unseen_combo_fold2,scgpt_frozen,CEBPB_MAPK1,1.0500166117914942,1.0008041751639194
unseen_combo_fold2,scgpt_frozen,DUSP9_ETS2,0.8691219247118647,0.8132087829880488
unseen_combo_fold2,scgpt_frozen,ETS2_MAP7D1,0.6815191224697168,0.584969978059978
unseen_combo_fold2,scgpt_frozen,ETS2_MAPK1,0.930698009303305,0.8564884962917194
unseen_combo_fold2,scgpt_frozen,FEV_CBFA2T3,0.7867157782111969,0.7002890783687911
unseen_combo_fold2,scgpt_frozen,FOXA1_FOXL2,1.0907645679626476,1.0339109903004013
unseen_combo_fold2,scgpt_frozen,FOXA3_FOXF1,1.2017310208503267,1.098793237295845
unseen_combo_fold2,scgpt_frozen,IGDCC3_PRTG,1.2171146823653993,1.1344616857727545
unseen_combo_fold2,scgpt_frozen,KLF1_BAK1,0.8880943754938592,0.834233616702167
unseen_combo_fold2,scgpt_frozen,KLF1_CLDN6,0.9756579075373865,0.8806920116195872
unseen_combo_fold2,scgpt_frozen,LHX1_ELMSAN1,0.8420533978782836,0.6885047565929905
unseen_combo_fold2,scgpt_frozen,LYL1_IER5L,0.770255284205814,0.6186277900398754
unseen_combo_fold2,scgpt_frozen,MAP2K6_ELMSAN1,0.9814749325231675,0.8533469592665046
unseen_combo_fold2,scgpt_frozen,MAP2K6_IKZF3,0.9769903680888584,0.9495850959721762
unseen_combo_fold2,scgpt_frozen,MAP2K6_SPI1,1.3375208275352108,1.0026586621448876
unseen_combo_fold2,scgpt_frozen,MAPK1_IKZF3,0.941991170257591,0.90013460595724
unseen_combo_fold2,scgpt_frozen,PTPN12_OSR2,1.0689059277101682,0.6873278874616954
unseen_combo_fold2,scgpt_frozen,PTPN12_SNAI1,1.0299238286961196,0.8270676834671709
unseen_combo_fold2,scgpt_frozen,PTPN12_UBASH3A,0.7657337209548336,0.7419207972149865
unseen_combo_fold2,scgpt_frozen,TGFBR2_PRTG,1.0469713692757292,0.9975990462451575
unseen_combo_fold2,scgpt_frozen,UBASH3B_CNN1,0.9679806481348957,0.9492735863818401
unseen_combo_fold2,scgpt_frozen,UBASH3B_OSR2,1.25100881895094,0.8850896029253675
unseen_combo_fold2,scgpt_frozen,ZBTB10_ELMSAN1,0.8311991870196569,0.7070858667950077
unseen_combo_fold2,scgpt_frozen,ZBTB10_SNAI1,0.9948883356142283,0.897430727968518
unseen_combo_fold2,scgpt_finetuned,AHR_KLF1,1.0708197772119101,0.9584228296009807
unseen_combo_fold2,scgpt_finetuned,CBL_TGFBR2,1.0577922228473275,0.9917698372192296
unseen_combo_fold2,scgpt_finetuned,CEBPB_MAPK1,1.0238056400338564,0.9687680763057238
unseen_combo_fold2,scgpt_finetuned,DUSP9_ETS2,0.8583000426642499,0.7871684425750333
unseen_combo_fold2,scgpt_finetuned,ETS2_MAP7D1,0.6930271077454331,0.6079644189171721
unseen_combo_fold2,scgpt_finetuned,ETS2_MAPK1,0.9113173206214318,0.8451726660752166
unseen_combo_fold2,scgpt_finetuned,FEV_CBFA2T3,0.7979827137478207,0.7118879619342557
unseen_combo_fold2,scgpt_finetuned,FOXA1_FOXL2,1.078036961596426,1.0207436154606897
unseen_combo_fold2,scgpt_finetuned,FOXA3_FOXF1,1.231681236981386,1.1281161745876707
unseen_combo_fold2,scgpt_finetuned,IGDCC3_PRTG,1.2090805556125257,1.1254097700909362
unseen_combo_fold2,scgpt_finetuned,KLF1_BAK1,0.8853993243169896,0.8356196233426731
unseen_combo_fold2,scgpt_finetuned,KLF1_CLDN6,0.9828605206362279,0.8847892838943169
unseen_combo_fold2,scgpt_finetuned,LHX1_ELMSAN1,0.8813022234794752,0.7445828765704195
unseen_combo_fold2,scgpt_finetuned,LYL1_IER5L,0.8243502958329773,0.6964318792890407
unseen_combo_fold2,scgpt_finetuned,MAP2K6_ELMSAN1,0.944922356372417,0.8089758860855973
unseen_combo_fold2,scgpt_finetuned,MAP2K6_IKZF3,0.9979093368816635,0.9724491986978013
unseen_combo_fold2,scgpt_finetuned,MAP2K6_SPI1,1.3108722546825715,0.9953632951120784
unseen_combo_fold2,scgpt_finetuned,MAPK1_IKZF3,0.9456670194257568,0.9022212670382611
unseen_combo_fold2,scgpt_finetuned,PTPN12_OSR2,1.103924860948216,0.6907257390701341
unseen_combo_fold2,scgpt_finetuned,PTPN12_SNAI1,1.064224207583503,0.8467929823803602
unseen_combo_fold2,scgpt_finetuned,PTPN12_UBASH3A,0.7461463019079891,0.7208013200350984
unseen_combo_fold2,scgpt_finetuned,TGFBR2_PRTG,1.0658789926172694,1.015621430934432
unseen_combo_fold2,scgpt_finetuned,UBASH3B_CNN1,0.919913942442966,0.9035899041623553
unseen_combo_fold2,scgpt_finetuned,UBASH3B_OSR2,1.2358153644863439,0.8749994426988003
unseen_combo_fold2,scgpt_finetuned,ZBTB10_ELMSAN1,0.8821868395771744,0.7818640896341532
unseen_combo_fold2,scgpt_finetuned,ZBTB10_SNAI1,1.0660149844119642,0.9672332415560045
unseen_combo_fold3,ridge,CBL_PTPN9,1.0787359307293487,1.0420261068230385
unseen_combo_fold3,ridge,CDKN1C_CDKN1B,1.0994525308564551,1.0021221235958901
unseen_combo_fold3,ridge,CEBPB_CEBPA,1.228430684765237,1.1542389395772312
unseen_combo_fold3,ridge,CEBPE_KLF1,1.3568055438967779,1.0794059871852995
unseen_combo_fold3,ridge,DUSP9_IGDCC3,1.039893874344918,1.0114928807945278
unseen_combo_fold3,ridge,DUSP9_KLF1,0.875910347382966,0.8367490945504806
unseen_combo_fold3,ridge,DUSP9_MAPK1,1.4113064272495852,1.1941216770433332
unseen_combo_fold3,ridge,DUSP9_SNAI1,0.7167727005803698,0.5875337736727613
unseen_combo_fold3,ridge,FEV_ISL2,0.8341644308621683,0.7978256213109264
unseen_combo_fold3,ridge,FEV_MAP7D1,0.9920191524171741,0.9228675154009642
unseen_combo_fold3,ridge,FOSB_OSR2,0.8379334738746333,0.7748740390474718
unseen_combo_fold3,ridge,FOXA3_HOXB9,0.8947052029159508,0.8637405176870332
unseen_combo_fold3,ridge,FOXL2_HOXB9,0.9382896113745874,0.8660830242881647
unseen_combo_fold3,ridge,FOXL2_MEIS1,0.8565191019934056,0.7877918654144672
unseen_combo_fold3,ridge,IGDCC3_MAPK1,1.133608857052943,0.9916449157543967
unseen_combo_fold3,ridge,JUN_CEBPB,0.8446839789284954,0.7495474676536329
unseen_combo_fold3,ridge,MAPK1_TGFBR2,0.8324279630068937,0.7871425220164666
unseen_combo_fold3,ridge,RHOXF2_SET,0.9366266455528202,0.8494818949476226
unseen_combo_fold3,ridge,RHOXF2_ZBTB25,0.9895350114324537,0.9462453173510549
unseen_combo_fold3,ridge,SAMD1_ZBTB1,0.9427644407851361,0.9060249504913641
unseen_combo_fold3,ridge,TGFBR2_C19orf26,0.6224486212738132,0.5319328218864882
unseen_combo_fold3,ridge,TGFBR2_IGDCC3,0.9523203367960944,0.9039056035098474
unseen_combo_fold3,ridge,ZBTB10_DLX2,0.7978361075666356,0.7198517980984381
unseen_combo_fold3,ridge,ZC3HAV1_CEBPE,1.5169953452919918,1.333621451993494
unseen_combo_fold3,ridge,ZC3HAV1_HOXC13,1.1004498333382142,0.9399117312117976
unseen_combo_fold3,ridge,ZNF318_FOXL2,0.9912022923632574,0.8299767457726105
unseen_combo_fold3,mlp,CBL_PTPN9,0.9766408996997831,0.926121588882433
unseen_combo_fold3,mlp,CDKN1C_CDKN1B,1.0461078354762492,0.9448069727581344
unseen_combo_fold3,mlp,CEBPB_CEBPA,1.0469687922574125,0.9849718950045442
unseen_combo_fold3,mlp,CEBPE_KLF1,1.4449305074581231,0.9179748720647368
unseen_combo_fold3,mlp,DUSP9_IGDCC3,0.9698539668131431,0.9306816584164618
unseen_combo_fold3,mlp,DUSP9_KLF1,0.8417027457450894,0.8041133477499772
unseen_combo_fold3,mlp,DUSP9_MAPK1,1.13196470766705,0.9357528733296714
unseen_combo_fold3,mlp,DUSP9_SNAI1,0.7514722949811437,0.5511695201852924
unseen_combo_fold3,mlp,FEV_ISL2,0.605797952415895,0.5679156036172058
unseen_combo_fold3,mlp,FEV_MAP7D1,0.8638537296952666,0.7993641232698387
unseen_combo_fold3,mlp,FOSB_OSR2,0.7116628183588821,0.6641942822842374
unseen_combo_fold3,mlp,FOXA3_HOXB9,0.752274739277418,0.7021874423761514
unseen_combo_fold3,mlp,FOXL2_HOXB9,0.8406769981853108,0.7668066273375496
unseen_combo_fold3,mlp,FOXL2_MEIS1,0.659094730197413,0.6029331188690986
unseen_combo_fold3,mlp,IGDCC3_MAPK1,0.9327113422262872,0.8342605272000807
unseen_combo_fold3,mlp,JUN_CEBPB,0.7159281602076806,0.6249478863288461
unseen_combo_fold3,mlp,MAPK1_TGFBR2,0.7767164159599013,0.7295421892439856
unseen_combo_fold3,mlp,RHOXF2_SET,0.8222843473733277,0.7229372821329777
unseen_combo_fold3,mlp,RHOXF2_ZBTB25,0.8812569226629635,0.8284244312380372
unseen_combo_fold3,mlp,SAMD1_ZBTB1,0.9053547177019855,0.862064316837486
unseen_combo_fold3,mlp,TGFBR2_C19orf26,0.5770550164297824,0.5099376724359925
unseen_combo_fold3,mlp,TGFBR2_IGDCC3,1.0110739187933218,0.9596540264492878
unseen_combo_fold3,mlp,ZBTB10_DLX2,0.7053212755463132,0.6135517943073259
unseen_combo_fold3,mlp,ZC3HAV1_CEBPE,1.7313036436224396,1.4180413204238622
unseen_combo_fold3,mlp,ZC3HAV1_HOXC13,0.8687895070377584,0.7225413524322842
unseen_combo_fold3,mlp,ZNF318_FOXL2,0.8495261901271395,0.6560271071758086
unseen_combo_fold3,mini_vc,CBL_PTPN9,1.0809275449621485,1.0361361593412282
unseen_combo_fold3,mini_vc,CDKN1C_CDKN1B,1.0669236490022904,0.9692195080553629
unseen_combo_fold3,mini_vc,CEBPB_CEBPA,1.0065502359865368,0.9523418889561168
unseen_combo_fold3,mini_vc,CEBPE_KLF1,1.1215851707866535,0.7141335533008489
unseen_combo_fold3,mini_vc,DUSP9_IGDCC3,0.9269708756763251,0.8874453001526625
unseen_combo_fold3,mini_vc,DUSP9_KLF1,0.7712713700762628,0.7361509187389392
unseen_combo_fold3,mini_vc,DUSP9_MAPK1,0.9965804635314963,0.7750857670000584
unseen_combo_fold3,mini_vc,DUSP9_SNAI1,0.6558945351719954,0.49926081739079237
unseen_combo_fold3,mini_vc,FEV_ISL2,0.7821325326131938,0.7408900252647829
unseen_combo_fold3,mini_vc,FEV_MAP7D1,0.8319611223056275,0.7712993459828482
unseen_combo_fold3,mini_vc,FOSB_OSR2,0.869175205439828,0.8311893683222162
unseen_combo_fold3,mini_vc,FOXA3_HOXB9,0.9387447411059587,0.8868992752036711
unseen_combo_fold3,mini_vc,FOXL2_HOXB9,1.0148180805941485,0.9202272945431776
unseen_combo_fold3,mini_vc,FOXL2_MEIS1,1.014479127933997,0.9436982049015618
unseen_combo_fold3,mini_vc,IGDCC3_MAPK1,0.9375661124565795,0.8528058411048585
unseen_combo_fold3,mini_vc,JUN_CEBPB,0.9868964310645773,0.863432702624407
unseen_combo_fold3,mini_vc,MAPK1_TGFBR2,0.9765154577867305,0.9438884991514918
unseen_combo_fold3,mini_vc,RHOXF2_SET,0.775089574946488,0.6713923234351614
unseen_combo_fold3,mini_vc,RHOXF2_ZBTB25,0.9693472288436449,0.9176863265608685
unseen_combo_fold3,mini_vc,SAMD1_ZBTB1,0.8775213416618483,0.8186221168161468
unseen_combo_fold3,mini_vc,TGFBR2_C19orf26,0.7147697461460084,0.6344945468514452
unseen_combo_fold3,mini_vc,TGFBR2_IGDCC3,1.1008310971535895,1.0448000143912195
unseen_combo_fold3,mini_vc,ZBTB10_DLX2,0.7680759336297406,0.6633105421085098
unseen_combo_fold3,mini_vc,ZC3HAV1_CEBPE,1.0241806219877987,0.8590258432639706
unseen_combo_fold3,mini_vc,ZC3HAV1_HOXC13,0.6807256643315016,0.5476221733166332
unseen_combo_fold3,mini_vc,ZNF318_FOXL2,0.8749033998581333,0.7084341532083848
unseen_combo_fold3,scgpt_frozen,CBL_PTPN9,1.1226158341340318,1.07697439375633
unseen_combo_fold3,scgpt_frozen,CDKN1C_CDKN1B,1.0203215958444654,0.919169082757464
unseen_combo_fold3,scgpt_frozen,CEBPB_CEBPA,1.159255917428908,1.0967199240694059
unseen_combo_fold3,scgpt_frozen,CEBPE_KLF1,1.476207361167685,0.9274647681720326
unseen_combo_fold3,scgpt_frozen,DUSP9_IGDCC3,0.893981193033296,0.8637643151032157
unseen_combo_fold3,scgpt_frozen,DUSP9_KLF1,0.8242972820874137,0.7848449666772741
unseen_combo_fold3,scgpt_frozen,DUSP9_MAPK1,1.1254010866212938,0.9542179092498473
unseen_combo_fold3,scgpt_frozen,DUSP9_SNAI1,0.6399349786638103,0.49783819123186546
unseen_combo_fold3,scgpt_frozen,FEV_ISL2,0.7980515776052491,0.7497887997057611
unseen_combo_fold3,scgpt_frozen,FEV_MAP7D1,1.2651940567541011,1.1653704793405346
unseen_combo_fold3,scgpt_frozen,FOSB_OSR2,0.8714066283202129,0.8008622149838154
unseen_combo_fold3,scgpt_frozen,FOXA3_HOXB9,0.8995718418775981,0.8493680484490322
unseen_combo_fold3,scgpt_frozen,FOXL2_HOXB9,0.8816138847572256,0.7774489137899249
unseen_combo_fold3,scgpt_frozen,FOXL2_MEIS1,0.6617084654076314,0.5620647544857778
unseen_combo_fold3,scgpt_frozen,IGDCC3_MAPK1,0.9926517339499852,0.9028648460184183
unseen_combo_fold3,scgpt_frozen,JUN_CEBPB,0.9401857009988664,0.8150733787640377
unseen_combo_fold3,scgpt_frozen,MAPK1_TGFBR2,0.8970498335287153,0.848957267788664
unseen_combo_fold3,scgpt_frozen,RHOXF2_SET,1.0707011520430394,0.9761557655856435
unseen_combo_fold3,scgpt_frozen,RHOXF2_ZBTB25,1.2215504541505364,1.1694098904903418
unseen_combo_fold3,scgpt_frozen,SAMD1_ZBTB1,0.9943915623256847,0.9434719192948268
unseen_combo_fold3,scgpt_frozen,TGFBR2_C19orf26,0.6617216906529382,0.5816774091943399
unseen_combo_fold3,scgpt_frozen,TGFBR2_IGDCC3,1.0001565510707062,0.9535419435078656
unseen_combo_fold3,scgpt_frozen,ZBTB10_DLX2,0.7496938562709768,0.6499698438740713
unseen_combo_fold3,scgpt_frozen,ZC3HAV1_CEBPE,1.679046320434148,1.3966174945317509
unseen_combo_fold3,scgpt_frozen,ZC3HAV1_HOXC13,1.05666790952023,0.8735868254112114
unseen_combo_fold3,scgpt_frozen,ZNF318_FOXL2,0.7370429390623306,0.49693937187428094
unseen_combo_fold3,scgpt_finetuned,CBL_PTPN9,1.145620145969355,1.0965242351596027
unseen_combo_fold3,scgpt_finetuned,CDKN1C_CDKN1B,1.0507326163662458,0.9511699190584592
unseen_combo_fold3,scgpt_finetuned,CEBPB_CEBPA,1.1512754447785019,1.0882703547782284
unseen_combo_fold3,scgpt_finetuned,CEBPE_KLF1,1.320228314760097,0.8865817494479739
unseen_combo_fold3,scgpt_finetuned,DUSP9_IGDCC3,0.9560392586713276,0.9201738646625209
unseen_combo_fold3,scgpt_finetuned,DUSP9_KLF1,0.7936288889076833,0.7613099143557103
unseen_combo_fold3,scgpt_finetuned,DUSP9_MAPK1,1.121398611957768,0.9407288044868094
unseen_combo_fold3,scgpt_finetuned,DUSP9_SNAI1,0.6845674432695729,0.541240092099403
unseen_combo_fold3,scgpt_finetuned,FEV_ISL2,0.7666399507998024,0.7176141618575933
unseen_combo_fold3,scgpt_finetuned,FEV_MAP7D1,1.2323389138139016,1.1265012929904097
unseen_combo_fold3,scgpt_finetuned,FOSB_OSR2,0.8318318109356129,0.7763346950091772
unseen_combo_fold3,scgpt_finetuned,FOXA3_HOXB9,0.8891411824583486,0.8386824724214028
unseen_combo_fold3,scgpt_finetuned,FOXL2_HOXB9,0.924078629083442,0.8349415295148753
unseen_combo_fold3,scgpt_finetuned,FOXL2_MEIS1,0.7605413960632066,0.6906625340016864
unseen_combo_fold3,scgpt_finetuned,IGDCC3_MAPK1,0.9476650516835956,0.8505122493513477
unseen_combo_fold3,scgpt_finetuned,JUN_CEBPB,0.9457127794685339,0.8438824512028188
unseen_combo_fold3,scgpt_finetuned,MAPK1_TGFBR2,0.8412940793635172,0.7939539068838756
unseen_combo_fold3,scgpt_finetuned,RHOXF2_SET,1.1261898578522258,1.0062754291912885
unseen_combo_fold3,scgpt_finetuned,RHOXF2_ZBTB25,1.2193288985329154,1.1578861329676906
unseen_combo_fold3,scgpt_finetuned,SAMD1_ZBTB1,0.9778760723468375,0.9230205195566915
unseen_combo_fold3,scgpt_finetuned,TGFBR2_C19orf26,0.6933621384625438,0.6190463453572442
unseen_combo_fold3,scgpt_finetuned,TGFBR2_IGDCC3,1.0376278908815495,0.9862922165977244
unseen_combo_fold3,scgpt_finetuned,ZBTB10_DLX2,0.7026939309467888,0.5992884813274945
unseen_combo_fold3,scgpt_finetuned,ZC3HAV1_CEBPE,1.4541632963092075,1.1992949251962417
unseen_combo_fold3,scgpt_finetuned,ZC3HAV1_HOXC13,1.115505297262768,0.9403916454058281
unseen_combo_fold3,scgpt_finetuned,ZNF318_FOXL2,0.825882324859632,0.6412702333574702
unseen_combo_fold4,ridge,C3orf72_FOXL2,1.4059926175336197,1.1150730396815387
unseen_combo_fold4,ridge,CBL_UBASH3A,0.8906225099045683,0.7760224921722242
unseen_combo_fold4,ridge,CBL_UBASH3B,0.718519608935944,0.6922392915280124
unseen_combo_fold4,ridge,CDKN1C_CDKN1A,1.1995019482934988,1.1260682994560005
unseen_combo_fold4,ridge,CEBPB_PTPN12,1.1191382472258817,0.9123638907859558
unseen_combo_fold4,ridge,CEBPE_CNN1,1.3093071119865587,1.0718474305818735
unseen_combo_fold4,ridge,ETS2_CEBPE,0.8762705652564639,0.8366009828450225
unseen_combo_fold4,ridge,ETS2_CNN1,1.5399189609128794,1.350417264335739
unseen_combo_fold4,ridge,ETS2_PRTG,1.0169720686193142,0.9163073746939011
unseen_combo_fold4,ridge,FOSB_IKZF3,1.2675082288479802,1.185989872330656
unseen_combo_fold4,ridge,FOSB_PTPN12,1.3279256302256093,0.9424187181387097
unseen_combo_fold4,ridge,FOXA1_HOXB9,0.9093126894299866,0.8696760810315639
unseen_combo_fold4,ridge,FOXA3_FOXA1,1.019527827091277,0.9571895128602087
unseen_combo_fold4,ridge,FOXF1_FOXL2,0.8285051922363051,0.7844727745447154
unseen_combo_fold4,ridge,IGDCC3_ZBTB25,0.7771738883017301,0.7267462116685328
unseen_combo_fold4,ridge,KLF1_MAP2K6,0.9639357839031818,0.8734134352077575
unseen_combo_fold4,ridge,LYL1_CEBPB,1.101965627176713,0.9105953612808124
unseen_combo_fold4,ridge,PTPN12_ZBTB25,0.9314826610414171,0.891715394300406
unseen_combo_fold4,ridge,SAMD1_UBASH3B,0.8980434597648077,0.863346912526316
unseen_combo_fold4,ridge,SGK1_TBX2,0.9828393489771851,0.9427022347142932
unseen_combo_fold4,ridge,SNAI1_DLX2,1.10490165502681,1.007362151515558
unseen_combo_fold4,ridge,SNAI1_UBASH3B,1.105854534448141,0.9438748105667196
unseen_combo_fold4,ridge,TGFBR2_ETS2,0.9950960053140885,0.7611594240452156
unseen_combo_fold4,ridge,TMSB4X_BAK1,0.9950883146541699,0.9151071291050041
unseen_combo_fold4,ridge,UBASH3B_PTPN9,0.8027085053045432,0.771224258436643
unseen_combo_fold4,ridge,UBASH3B_ZBTB25,0.8885090524179816,0.8354884060064276
unseen_combo_fold4,mlp,C3orf72_FOXL2,1.0815853647693385,0.8622120601624169
unseen_combo_fold4,mlp,CBL_UBASH3A,0.7148353039972773,0.6213414788960061
unseen_combo_fold4,mlp,CBL_UBASH3B,0.6625746928117492,0.6430182014395266
unseen_combo_fold4,mlp,CDKN1C_CDKN1A,0.907856647696497,0.8465330630463214
unseen_combo_fold4,mlp,CEBPB_PTPN12,1.04103705992074,0.8513511138299202
unseen_combo_fold4,mlp,CEBPE_CNN1,1.5744981833260312,1.2868657053538641
unseen_combo_fold4,mlp,ETS2_CEBPE,1.0436020193180517,1.002083877948281
unseen_combo_fold4,mlp,ETS2_CNN1,1.152556527319695,1.0228116815700714
unseen_combo_fold4,mlp,ETS2_PRTG,0.9309113001418943,0.855609550840933
unseen_combo_fold4,mlp,FOSB_IKZF3,1.0560430619619885,1.0062478485663235
unseen_combo_fold4,mlp,FOSB_PTPN12,0.9046118130545333,0.6877748037374739
unseen_combo_fold4,mlp,FOXA1_HOXB9,0.7273878768717718,0.6967615072457546
unseen_combo_fold4,mlp,FOXA3_FOXA1,0.818558326517961,0.7689379931831789
unseen_combo_fold4,mlp,FOXF1_FOXL2,0.7040397386906667,0.6635878879356749
unseen_combo_fold4,mlp,IGDCC3_ZBTB25,0.6317380831113801,0.5864153946448738
unseen_combo_fold4,mlp,KLF1_MAP2K6,0.7805520985838399,0.7308849648389346
unseen_combo_fold4,mlp,LYL1_CEBPB,1.0793648573316126,0.8739569858591291
unseen_combo_fold4,mlp,PTPN12_ZBTB25,0.8055106735230649,0.7798508792415444
unseen_combo_fold4,mlp,SAMD1_UBASH3B,0.769661351029317,0.7361689561499876
unseen_combo_fold4,mlp,SGK1_TBX2,0.932045018962535,0.8784288293071477
unseen_combo_fold4,mlp,SNAI1_DLX2,0.8455778032856146,0.7557571387926149
unseen_combo_fold4,mlp,SNAI1_UBASH3B,0.8964339723454463,0.7628285178089818
unseen_combo_fold4,mlp,TGFBR2_ETS2,0.9154312758913052,0.7920140710092609
unseen_combo_fold4,mlp,TMSB4X_BAK1,0.6672483598995023,0.5639703438385902
unseen_combo_fold4,mlp,UBASH3B_PTPN9,0.6880154153782176,0.6592184079881827
unseen_combo_fold4,mlp,UBASH3B_ZBTB25,0.731332670451211,0.7000870530650424
unseen_combo_fold4,mini_vc,C3orf72_FOXL2,1.258364292343499,1.0022046988533058
unseen_combo_fold4,mini_vc,CBL_UBASH3A,0.9071302535320901,0.7933358779836572
unseen_combo_fold4,mini_vc,CBL_UBASH3B,0.8074410490059644,0.789950964917564
unseen_combo_fold4,mini_vc,CDKN1C_CDKN1A,0.9506479230614399,0.8884066443702953
unseen_combo_fold4,mini_vc,CEBPB_PTPN12,0.9868136906097079,0.7992718404248074
unseen_combo_fold4,mini_vc,CEBPE_CNN1,1.754031946783832,1.2974454251675758
unseen_combo_fold4,mini_vc,ETS2_CEBPE,1.15579205765089,1.0643589024882942
unseen_combo_fold4,mini_vc,ETS2_CNN1,0.8845045610945886,0.7886933873593492
unseen_combo_fold4,mini_vc,ETS2_PRTG,0.9223569752621296,0.8579212080025507
unseen_combo_fold4,mini_vc,FOSB_IKZF3,1.2258916142599827,1.1571329406346158
unseen_combo_fold4,mini_vc,FOSB_PTPN12,0.8293186248221601,0.6885878504647541
unseen_combo_fold4,mini_vc,FOXA1_HOXB9,0.8944580425982506,0.8533529555729794
unseen_combo_fold4,mini_vc,FOXA3_FOXA1,0.8464186171414543,0.7862444218274257
unseen_combo_fold4,mini_vc,FOXF1_FOXL2,0.7443030608382107,0.7021442940694775
unseen_combo_fold4,mini_vc,IGDCC3_ZBTB25,0.7052748065695486,0.6716370007969031
unseen_combo_fold4,mini_vc,KLF1_MAP2K6,0.7735339375179983,0.7179152484097948
unseen_combo_fold4,mini_vc,LYL1_CEBPB,1.2696827980362655,1.0079348238812156
unseen_combo_fold4,mini_vc,PTPN12_ZBTB25,0.9830179768315825,0.9612597354180119
unseen_combo_fold4,mini_vc,SAMD1_UBASH3B,0.8989209757358311,0.8622574700732939
unseen_combo_fold4,mini_vc,SGK1_TBX2,0.7902099309492407,0.7403165864188446
unseen_combo_fold4,mini_vc,SNAI1_DLX2,0.8295380495871468,0.7450858869810766
unseen_combo_fold4,mini_vc,SNAI1_UBASH3B,0.7243986928829359,0.6353944184322208
unseen_combo_fold4,mini_vc,TGFBR2_ETS2,0.9825663336613496,0.8725096895681338
unseen_combo_fold4,mini_vc,TMSB4X_BAK1,0.5016872110595533,0.32827240526012885
unseen_combo_fold4,mini_vc,UBASH3B_PTPN9,0.8634744301750017,0.8289032777983496
unseen_combo_fold4,mini_vc,UBASH3B_ZBTB25,0.9494360577360109,0.9176629598567784
unseen_combo_fold4,scgpt_frozen,C3orf72_FOXL2,1.3553922778876477,1.0795127883638491
unseen_combo_fold4,scgpt_frozen,CBL_UBASH3A,0.7990893095113706,0.6989892417261805
unseen_combo_fold4,scgpt_frozen,CBL_UBASH3B,0.6761929333095861,0.6547714854213973
unseen_combo_fold4,scgpt_frozen,CDKN1C_CDKN1A,1.01934976629399,0.9342729695492055
unseen_combo_fold4,scgpt_frozen,CEBPB_PTPN12,1.2560325035834183,0.9844606083544887
unseen_combo_fold4,scgpt_frozen,CEBPE_CNN1,1.599751938655083,1.3085515066900488
unseen_combo_fold4,scgpt_frozen,ETS2_CEBPE,1.1073321563916703,1.0498495834200066
unseen_combo_fold4,scgpt_frozen,ETS2_CNN1,1.2873158065499093,1.0973150819575586
unseen_combo_fold4,scgpt_frozen,ETS2_PRTG,0.9407296343656237,0.8537361871832789
unseen_combo_fold4,scgpt_frozen,FOSB_IKZF3,1.367792225418727,1.2996840687905142
unseen_combo_fold4,scgpt_frozen,FOSB_PTPN12,1.27788888141477,0.9746334160628565
unseen_combo_fold4,scgpt_frozen,FOXA1_HOXB9,0.878327403008994,0.8378110434941544
unseen_combo_fold4,scgpt_frozen,FOXA3_FOXA1,0.990135310725715,0.9155914026530014
unseen_combo_fold4,scgpt_frozen,FOXF1_FOXL2,0.8725062603665545,0.8229307712990245
unseen_combo_fold4,scgpt_frozen,IGDCC3_ZBTB25,0.6979708364371597,0.6599045307757786
unseen_combo_fold4,scgpt_frozen,KLF1_MAP2K6,0.8823071735827076,0.8215985710949054
unseen_combo_fold4,scgpt_frozen,LYL1_CEBPB,1.1928148829590857,0.9431415355998005
unseen_combo_fold4,scgpt_frozen,PTPN12_ZBTB25,0.9998193596070102,0.97029434146686
unseen_combo_fold4,scgpt_frozen,SAMD1_UBASH3B,0.9009356127350945,0.855336983532495
unseen_combo_fold4,scgpt_frozen,SGK1_TBX2,0.9071390921605,0.8228818070322289
unseen_combo_fold4,scgpt_frozen,SNAI1_DLX2,1.1003390996287776,0.9902083184461091
unseen_combo_fold4,scgpt_frozen,SNAI1_UBASH3B,1.107678199101682,0.8505943796478739
unseen_combo_fold4,scgpt_frozen,TGFBR2_ETS2,1.0608626091119175,0.8596204884986631
unseen_combo_fold4,scgpt_frozen,TMSB4X_BAK1,0.6625915952436819,0.4123159229845787
unseen_combo_fold4,scgpt_frozen,UBASH3B_PTPN9,0.7951290061695998,0.7583565870424686
unseen_combo_fold4,scgpt_frozen,UBASH3B_ZBTB25,0.8693324293552719,0.8290791118191093
unseen_combo_fold4,scgpt_finetuned,C3orf72_FOXL2,1.2103683777704535,0.9659399552891094
unseen_combo_fold4,scgpt_finetuned,CBL_UBASH3A,0.7951166821183363,0.6928432396536386
unseen_combo_fold4,scgpt_finetuned,CBL_UBASH3B,0.62831407407402,0.6025976379539588
unseen_combo_fold4,scgpt_finetuned,CDKN1C_CDKN1A,0.9608027063570067,0.8791839888870087
unseen_combo_fold4,scgpt_finetuned,CEBPB_PTPN12,1.1642518479955082,0.9031435833181414
unseen_combo_fold4,scgpt_finetuned,CEBPE_CNN1,1.4466804160014646,1.1939276844788704
unseen_combo_fold4,scgpt_finetuned,ETS2_CEBPE,1.0292422205049372,0.9803673184757173
unseen_combo_fold4,scgpt_finetuned,ETS2_CNN1,1.3334029980623094,1.133231829108268
unseen_combo_fold4,scgpt_finetuned,ETS2_PRTG,0.9696328309472526,0.8792040821147883
unseen_combo_fold4,scgpt_finetuned,FOSB_IKZF3,1.3402587871427722,1.2693252300432276
unseen_combo_fold4,scgpt_finetuned,FOSB_PTPN12,1.2886475653676843,1.003181422406455
unseen_combo_fold4,scgpt_finetuned,FOXA1_HOXB9,0.8126436491652372,0.7695280978600022
unseen_combo_fold4,scgpt_finetuned,FOXA3_FOXA1,0.9382983422425956,0.8616541537738595
unseen_combo_fold4,scgpt_finetuned,FOXF1_FOXL2,0.8056282098868278,0.7569004467838758
unseen_combo_fold4,scgpt_finetuned,IGDCC3_ZBTB25,0.6947236333217415,0.6550585507133306
unseen_combo_fold4,scgpt_finetuned,KLF1_MAP2K6,0.8772917799380231,0.8119787233277922
unseen_combo_fold4,scgpt_finetuned,LYL1_CEBPB,1.1243223708272747,0.8594345507463992
unseen_combo_fold4,scgpt_finetuned,PTPN12_ZBTB25,0.9742207664232763,0.9428190572877343
unseen_combo_fold4,scgpt_finetuned,SAMD1_UBASH3B,0.8479547469811454,0.8037126486733773
unseen_combo_fold4,scgpt_finetuned,SGK1_TBX2,0.8352478305029295,0.7360426410691218
unseen_combo_fold4,scgpt_finetuned,SNAI1_DLX2,1.082835205395499,0.9547919937547086
unseen_combo_fold4,scgpt_finetuned,SNAI1_UBASH3B,1.1623685706902562,0.8762190370227111
unseen_combo_fold4,scgpt_finetuned,TGFBR2_ETS2,1.032444715999216,0.806993190417054
unseen_combo_fold4,scgpt_finetuned,TMSB4X_BAK1,0.585080736827469,0.3043727263678106
unseen_combo_fold4,scgpt_finetuned,UBASH3B_PTPN9,0.7115665658041771,0.6732869639173498
unseen_combo_fold4,scgpt_finetuned,UBASH3B_ZBTB25,0.7972438247886393,0.7513240507274286
