scheme,model,n_training_pseudobulks_noncontrol,n_training_conditions_noncontrol,n_training_gemgroups,best_epoch,epochs_trained,train_response_mse_at_best_epoch,validation_response_mse_at_best_epoch,validation_reference_reconstruction_mse
unseen_combo_fold0,mlp,1568,196,8,150,180,0.0031717746204943,0.0055362773127853,
unseen_combo_fold0,mini_vc,1568,196,8,276,316,0.0033941499375719,0.0052426606416702,0.0005112803773954
unseen_combo_fold0,scgpt_frozen,1568,196,8,136,161,0.0035215502430219,0.0058762646513059,
unseen_combo_fold0,scgpt_finetuned,1568,196,8,136,161,0.0035092398466076,0.0058210075949318,
unseen_combo_fold1,mlp,1576,197,8,113,143,0.0028121805853839,0.009702774696052,
unseen_combo_fold1,mini_vc,1576,197,8,128,168,0.0031751513901889,0.0092988135293126,0.0005486932932399
unseen_combo_fold1,scgpt_frozen,1576,197,8,141,166,0.0030311165028251,0.0097008452285081,
unseen_combo_fold1,scgpt_finetuned,1576,197,8,115,140,0.0031551668071188,0.0097215365385636,
unseen_combo_fold2,mlp,1576,197,8,101,131,0.0033942820601222,0.0055187963880598,
unseen_combo_fold2,mini_vc,1576,197,8,86,126,0.0041584106029819,0.0052982345223426,0.0005819881916977
unseen_combo_fold2,scgpt_frozen,1576,197,8,172,197,0.0034043219638988,0.0053220464615151,
unseen_combo_fold2,scgpt_finetuned,1576,197,8,172,197,0.0033790337911341,0.0052709454321302,
unseen_combo_fold3,mlp,1576,197,8,132,162,0.003112468409924,0.0047181476838886,
unseen_combo_fold3,mini_vc,1576,197,8,245,285,0.0033380776055176,0.0040567410178482,0.0005262819468043
unseen_combo_fold3,scgpt_frozen,1576,197,8,265,290,0.0030756336927879,0.0045297443284653,
unseen_combo_fold3,scgpt_finetuned,1576,197,8,201,226,0.0031786061881575,0.0045232122065499,
unseen_combo_fold4,mlp,1576,197,8,143,173,0.0029889344649039,0.00739177595824,
unseen_combo_fold4,mini_vc,1576,197,8,179,219,0.003244207440379,0.006840337999165,0.0004839465836994
unseen_combo_fold4,scgpt_frozen,1576,197,8,133,158,0.0033097594860009,0.0077255114447325,
unseen_combo_fold4,scgpt_finetuned,1576,197,8,108,133,0.0034883863118011,0.0077686874428763,
