scheme,model,n_conditions,pearson_delta,mse_all,top_20_recovery,top_100_recovery
seen,ridge,236,0.764077790081501,0.0035582186389809,0.6277542372881355,0.5653813559322034
seen,mlp,236,0.76807656094937,0.0033479163544528,0.635593220338983,0.5730508474576271
seen,mini_vc,236,0.7454183039144945,0.0035234529468807,0.5955508474576271,0.5596186440677967
seen,scgpt_frozen,236,0.7630059618060872,0.0034125489544101707,0.628177966101695,0.5702966101694915
seen,scgpt_finetuned,236,0.7634438713223247,0.003416625513020366,0.6302966101694916,0.5694491525423729
unseen_gene,ridge,27,0.522389951541468,0.0095182446659439,0.3962962962962962,0.4925925925925925
unseen_gene,mlp,27,0.4583858539660772,0.010875812654073,0.3933333333333333,0.5006666666666667
unseen_gene,mini_vc,27,0.4221146574450863,0.0112688429782994,0.3407407407407407,0.4559259259259259
unseen_gene,scgpt_frozen,27,0.44503051456477905,0.00964395330649697,0.3388888888888889,0.4677777777777778
unseen_gene,scgpt_finetuned,27,0.4640577035369696,0.009290293583439456,0.3574074074074074,0.46222222222222226
